0,1,2,3,4,5
0.0,0.2087653358881613,3.3815642833709716,3.560082459449768,1.92737717628479,-2.3226040840148925
0.0,0.09019745173740144,4.841520309448242,5.610600090026855,2.8237914085388183,-3.0784576892852784
0.0,0.5773712548255663,2.1657243728637696,3.0572218179702757,0.31396371126174927,-3.2547966480255126
0.0,0.24639719612975886,3.209906244277954,3.476456332206726,1.7366579413414,-2.320053243637085
0.0,0.03628960949304125,5.0317902088165285,4.257804584503174,3.162739944458008,-2.5131628036499025
0.0,0.5131043154209296,1.9308170199394226,1.9694555163383485,0.17504690885543822,-3.0124727964401243
0.0,0.032210899876316666,5.356781625747681,5.149470090866089,3.319499373435974,-2.73718843460083
0.0,0.13555260948172754,3.54428870677948,2.7994001865386964,1.8498852372169494,-2.6268100500106812
0.0,0.05936994100534296,4.868510007858276,5.021567010879517,2.854108691215515,-2.8968497276306153
0.0,0.01889090607778548,5.718136501312256,4.895275449752807,3.6511642217636107,-2.5778825759887694
0.0,0.007862021275830142,6.576246881484986,5.65999584197998,4.205988955497742,-2.869415521621704
0.0,0.06302606243297287,4.774164628982544,4.83671383857727,3.0071383237838747,-2.633738946914673
0.0,0.07362271681275792,4.238128232955932,3.4456506252288817,2.456582713127136,-2.5428023815155028
0.0,0.06237290243824873,4.778509712219238,4.90963921546936,2.71497802734375,-2.898320960998535
0.0,0.016197111488550582,5.836078405380249,4.869997310638428,3.6766836881637572,-2.737041139602661
0.0,0.03069964853824552,5.614800977706909,5.729575300216675,3.4868237018585204,-2.9353817462921143
0.0,0.0543321405975139,5.226310873031617,5.704379510879517,3.180906891822815,-2.9670270919799804
0.0,0.02017661385406882,5.805802202224731,5.527041292190551,3.57422080039978,-2.905482625961304
0.0,0.015090396588385747,6.179214286804199,5.966035652160644,3.9764216423034666,-2.834908962249756
0.0,0.24805324565625372,3.967763161659241,5.233278465270996,2.6520527601242065,-2.3957335233688353
0.0,0.06333331538666745,4.87405800819397,5.1536415100097654,2.8431212663650514,-2.892564630508423
0.0,0.008228557398193862,6.553063917160034,5.704926300048828,4.171648979187012,-2.875164842605591
0.0,0.041915010212447534,5.00504961013794,4.732567405700683,3.043433690071106,-2.704335165023804
0.0,0.031032884482947415,5.841731023788452,6.259218835830689,3.823244905471802,-2.8092359066009522
0.0,0.022031670896454275,5.5290830612182615,4.718112325668335,3.4658047199249267,-2.7272964477539063
0.0,0.03528714482292842,5.023074102401734,4.311785078048706,2.983920097351074,-2.685649585723877
0.0,0.03179706539881006,5.717384195327758,6.038853883743286,3.4803815126419066,-3.121642065048218
0.0,0.01660732500683481,5.7638938426971436,4.77733359336853,3.5574912786483766,-2.7452495098114014
0.0,0.05640574235806611,5.001751327514649,5.227632331848144,3.1648059129714965,-2.723476219177246
0.0,0.026612982816217913,5.515860939025879,5.134990692138672,3.5639915466308594,-2.5908724308013915
0.0,0.008341851433036705,6.457084369659424,5.3386969566345215,4.0495294570922855,-2.96106538772583
0.0,0.03994265111060094,4.937032079696655,4.132706952095032,3.0934468030929567,-2.4201786518096924
0.0,0.03443743361281849,5.075572776794433,4.269295740127563,3.146200180053711,-2.504731369018555
0.0,0.12008592107965245,4.719882488250732,5.735804033279419,3.0350648880004885,-2.765865182876587
0.0,0.5179308686102959,1.9860534191131591,2.047597122192383,0.41040873527526855,-2.6010036706924438
0.0,0.04131027713196943,5.742925119400025,6.435753202438354,3.492709159851074,-3.238977003097534
0.0,0.021156527091153503,5.650624752044678,5.1231461524963375,3.5585721731185913,-2.6976698875427245
0.0,0.3746254203997318,3.1721921443939207,4.286164617538452,1.2545053601264953,-3.1637613773345947
0.0,0.013102724249722322,6.025773000717163,5.017442274093628,3.7948917150497437,-2.7553327083587646
0.0,0.022858555815165472,5.565632486343384,5.016247415542603,3.5091363430023192,-2.676508569717407
0.0,0.02734728534965672,5.402267265319824,4.917299795150757,3.3499000787734987,-2.7623244762420653
0.0,0.024826350492512153,5.381468057632446,4.555973052978516,3.2970319509506227,-2.7315787792205812
0.0,0.025006310260957974,5.3934633255004885,4.479302549362183,3.3671427249908445,-2.5581103801727294
0.0,0.014607590183196462,6.006780338287354,5.393343067169189,3.7684491634368897,-2.7764026641845705
0.0,0.022639134491882842,5.6951947689056395,5.357840824127197,3.650826907157898,-2.733733892440796
0.0,0.09560596121938476,4.371015024185181,4.579222631454468,2.676727604866028,-2.5013164043426515
0.0,0.034950942130493115,5.372674036026001,5.376985692977906,3.232209014892578,-2.875874710083008
0.0,0.03191894754348708,5.192592144012451,4.485412359237671,3.2902180194854735,-2.5163927555084227
0.0,0.019302059574098793,5.706812047958374,5.099295425415039,3.5075854539871214,-2.799032735824585
0.0,0.011242095910339055,6.211313152313233,5.3673769474029545,3.9348546743392943,-2.751592826843262
0.0,0.010732001189058005,6.286325931549072,5.416790294647217,4.056821703910828,-2.7005831718444826
0.0,0.030298449697606682,5.316931104660034,4.90209321975708,3.3435338020324705,-2.620094347000122
0.0,0.017114943306498438,6.090113306045533,5.960776472091675,3.816448760032654,-2.9420724391937254
0.0,0.07467856745048501,4.249119544029236,3.6985908269882204,2.4175182580947876,-2.585654282569885
0.0,0.019827864283462643,5.69285740852356,5.061953496932984,3.5967822790145876,-2.656756639480591
0.0,0.012868059673614766,6.398793029785156,6.275397920608521,3.944526195526123,-3.0535227775573732
0.0,0.07641544391893222,4.191767072677612,3.4429836750030516,2.3703307151794433,-2.5862924098968505
0.0,0.12130885089119935,4.027246356010437,4.227183389663696,2.112520456314087,-2.8987694501876833
0.0,0.20117359932530174,3.94503767490387,4.883395338058472,1.9784671783447265,-3.152401661872864
0.0,0.08979081447502048,4.516876125335694,4.848566770553589,2.823914909362793,-2.580325412750244
0.0,0.048846960469270215,4.948942756652832,4.886274766921997,2.9353990077972414,-2.7275795936584473
0.0,0.15747170429658885,4.820040702819824,6.329502201080322,3.2895896673202514,-2.6739870071411134
0.0,0.005491871433590801,7.078630256652832,6.569032287597656,4.460528135299683,-3.120909309387207
0.0,0.20144576867481864,3.9290789365768433,4.800533723831177,2.4634182691574096,-2.3610556364059447
0.0,0.007901764234121464,6.66234393119812,6.0639105319976805,4.243969130516052,-2.9073416233062743
0.0,0.038939954369843426,5.173318672180176,5.062477111816406,3.1328324556350706,-2.790693664550781
0.0,0.01083975664233985,6.426574802398681,6.053795289993286,3.989311170578003,-3.032753276824951
0.0,0.0562933118640052,4.5247550964355465,3.696323204040527,2.6538566827774046,-2.467017412185669
0.0,0.09078105865444017,4.172097277641297,4.058280372619629,2.1942152619361877,-2.831070399284363
0.0,0.04799549068802092,4.852275037765503,4.462046527862549,3.11410539150238,-2.409705114364624
0.0,0.023174093356942205,5.505717039108276,4.898889493942261,3.3764674186706545,-2.693946361541748
0.0,0.060899095388687,4.919059896469117,5.140941143035889,3.188594341278076,-2.561003255844116
0.0,0.03704682591353415,5.094817876815796,4.55836820602417,3.284500169754028,-2.463444375991821
0.0,0.02232364865806645,5.582171010971069,4.903142976760864,3.597282648086548,-2.6225602626800537
0.0,0.02342167014326037,5.55714864730835,5.023352527618409,3.50253164768219,-2.6350059032440187
0.0,0.5857735412470203,3.0862207651138305,5.14269642829895,1.1178242564201355,-3.5661980390548704
0.0,0.11578788622542954,5.054704284667968,6.341263103485107,3.3279976844787598,-2.817770767211914
0.0,0.036416446854039615,5.023293304443359,4.210551834106445,3.141209030151367,-2.57617769241333
0.0,0.025300970150497627,5.4333749294281,4.812347412109375,3.4094722747802733,-2.61108341217041
0.0,0.08837586897795953,4.5213521957397464,4.877884340286255,2.5688169479370115,-2.8400948524475096
0.0,0.07563442104396909,4.910684823989868,5.49784574508667,2.8063806533813476,-3.0285103797912596
0.0,0.03245660883745035,5.161184358596802,4.470571708679199,3.216551733016968,-2.5114794731140138
0.0,0.03727302096256253,5.007525825500489,4.2009107112884525,3.138484978675842,-2.479523181915283
0.0,0.06420582557450505,4.686653900146484,4.609422206878662,2.9417410850524903,-2.3990612506866453
0.0,0.7256583642521117,1.27785484790802,0.7514729738235474,-0.3426653265953064,-2.851773190498352
0.0,0.010913483627679778,6.209457445144653,5.237640476226806,3.9062604188919066,-2.790034627914429
0.0,0.6954711339314866,2.3872830629348756,4.260493183135987,1.4301851630210876,-2.157672667503357
0.0,0.028057550551383977,5.2856621742248535,4.616401433944702,3.2284418821334837,-2.704954195022583
0.0,0.11301095295472008,4.051446723937988,4.062554383277893,2.4246063470840453,-2.4078660011291504
0.0,0.04322046087006565,4.841025400161743,4.084125590324402,2.9863388538360596,-2.3986517429351806
0.0,0.012634933878893556,6.370257139205933,6.181530094146728,3.9778044700622557,-2.9786872386932375
0.0,0.04025737345678154,5.42586989402771,5.685321569442749,3.578148627281189,-2.6495461463928223
0.0,0.04517312051999181,5.0371666431427,4.950671148300171,3.095705842971802,-2.7209871292114256
0.0,0.03578525069614202,5.096650457382202,4.584685039520264,3.1647764444351196,-2.5464205741882324
0.0,0.028836791446261056,5.252712202072144,4.378807592391968,3.2980729818344114,-2.4905161380767824
0.0,0.08998765120905203,4.5376624584198,4.850722694396973,2.943750834465027,-2.414001989364624
0.0,0.4441971641801873,3.6270778656005858,5.553657817840576,2.4076857566833496,-2.4522311210632326
0.0,0.2007236896645946,3.471335530281067,3.817547011375427,1.6132705211639404,-2.879026007652283
0.0,0.039986605164344935,5.087580776214599,4.8081361770629885,3.2599459648132325,-2.5172072887420653
0.0,0.05665867159836752,5.1017210483551025,5.453150939941406,3.274993872642517,-2.6906118392944336
0.0,0.012663554956348421,6.103447914123535,5.130791234970093,3.9107036352157594,-2.6653934478759767
0.0,0.008388544831261944,6.598495197296143,5.992875432968139,4.162522697448731,-2.9822059631347657
0.0,0.2718629615724509,4.438190889358521,6.364641189575195,2.1321358680725098,-3.7530962944030763
0.0,0.07474244711029299,5.417030572891235,6.5539933204650875,3.154665637016296,-3.4278616428375246
0.0,0.0052733436079605255,6.93961181640625,5.8931609153747555,4.449037837982178,-2.9891815185546875
0.0,0.14109366898205045,4.383136796951294,5.255931854248047,2.3976630926132203,-3.0944597721099854
0.0,0.0901642954222045,4.127574181556701,3.68116238117218,2.4916380405426026,-2.278591179847717
0.0,0.009080290177585413,6.495559549331665,5.8654642581939695,4.1011909484863285,-3.0566988468170164
0.0,0.04602080050399365,4.78504490852356,3.9906954765319824,2.967282772064209,-2.416945743560791
0.0,0.13552638999708713,4.131941151618958,4.576532602310181,2.5939969778060914,-2.4282947778701782
0.0,0.2193466913675168,3.9322164058685303,4.962931489944458,2.468652629852295,-2.5404760360717775
0.0,0.18059250818031872,3.9058627843856812,4.576392078399659,2.3938557863235475,-2.4085219621658327
0.0,0.00468960015355197,7.163704442977905,6.371708393096924,4.706721496582031,-2.975867414474487
0.0,0.025033911980764358,5.571417665481567,5.274684762954712,3.446933078765869,-2.7937058925628664
0.0,0.025656177170202167,5.6675482273101805,5.584872579574585,3.556046986579895,-2.810980701446533
0.0,0.025781244139046696,5.354512739181518,4.465771961212158,3.3292894840240477,-2.5756500244140623
0.0,0.054712344727510145,5.390843391418457,6.0646946907043455,3.586842250823975,-2.7176322460174562
0.0,0.10609297690428614,4.5050476551055905,5.0976831912994385,2.5799057245254517,-2.9187005519866944
0.0,0.04728504245067537,5.5227922916412355,6.152550125122071,3.2947009801864624,-3.1758679866790773
0.0,0.007731409147734179,6.800261211395264,6.4497815608978275,4.254829001426697,-3.1870357513427736
0.0,0.0268650186979821,5.47455677986145,5.204323577880859,3.2748186588287354,-2.970820665359497
0.0,0.13654904118061417,4.207647585868836,4.837459850311279,2.1567437410354615,-3.1078055143356322
0.0,0.012248891895664669,6.235276508331299,5.627452993392945,4.091997289657593,-2.7274969100952147
0.0,0.0487774333739681,4.71056866645813,3.924862813949585,2.8873767614364625,-2.47554874420166
0.0,0.32967425032805925,2.4783098459243775,2.110216224193573,0.7873240232467651,-2.651969885826111
0.0,0.02637380849534969,5.490698194503784,5.130087661743164,3.4477009534835816,-2.7026792049407957
0.0,0.002272141226517286,7.9720234870910645,7.395155954360962,5.0338624000549315,-3.424699878692627
0.0,0.0733316895864049,4.424772787094116,4.295345163345337,2.4930482149124145,-2.822115087509155
0.0,0.44387193728853064,3.387551712989807,5.0506960391998295,2.117745113372803,-2.4601896524429323
0.0,0.04582684175775474,4.803613519668579,4.1645282983779905,2.9618884086608888,-2.5488409996032715
0.0,0.16999213660931178,3.9751032829284667,4.679689884185791,2.050654113292694,-3.08453254699707
0.0,0.057577306004485934,4.531966257095337,3.887240672111511,2.7044877767562867,-2.5643024921417235
0.0,0.02367338634847062,5.74006757736206,5.538638114929199,3.7868550062179565,-2.6221639633178713
0.0,0.025524387672734516,5.386877107620239,4.578880834579468,3.390701341629028,-2.573583793640137
0.0,0.04853386051789237,4.785936307907105,4.413528871536255,2.762102246284485,-2.7608999729156496
0.0,0.07031095005922151,5.1242493152618405,5.8145287990570065,3.394078826904297,-2.666880750656128
0.0,0.05318684964628853,5.013889980316162,5.158844947814941,3.1922924757003783,-2.5985710620880127
0.0,0.05891846766611963,5.209303760528565,5.799849557876587,3.0107671499252318,-3.168683910369873
0.0,0.005654985803676021,6.9007315158844,6.0906373977661135,4.29368371963501,-3.040995645523071
0.0,0.013485396521384597,6.148890542984009,5.594728279113769,3.9866899728775023,-2.722017240524292
0.0,0.03075171589968752,5.654067754745483,5.8619026184082035,3.4726282358169556,-2.912955141067505
0.0,0.0208501737238014,5.732863235473633,5.263264465332031,3.7346014976501465,-2.6463824272155763
0.0,0.021424195094933013,5.528669214248657,4.551429891586304,3.435329627990723,-2.5776931285858153
0.0,0.02119533951237087,5.559382152557373,4.625452899932862,3.4790992975234984,-2.599461793899536
0.0,0.018786855271843234,6.075661659240723,6.048389625549317,3.8889890909194946,-2.8350343704223633
0.0,0.023171137501898583,5.5458025455474855,4.970115995407104,3.5158030509948732,-2.6132333278656006
0.0,0.04983206759083026,4.6730217933654785,4.055998420715332,2.708581495285034,-2.6252548694610596
0.0,0.03245385174408461,5.241958570480347,4.830863332748413,3.241561937332153,-2.628765106201172
0.0,0.0304157994437098,5.463351535797119,5.265929412841797,3.5286946058273316,-2.523414945602417
0.0,0.011065008241560445,6.340390253067016,5.773373937606811,4.008449363708496,-2.8182510852813722
0.0,0.48716024797877483,1.9609118938446044,1.6954652786254882,0.27886960506439207,-2.7227426767349243
0.0,0.07024098306948046,5.066392183303833,5.736455821990967,2.916115474700928,-3.1970292568206786
0.0,0.014983402803716895,6.135776662826538,5.78203649520874,4.008670520782471,-2.841377019882202
0.0,0.04414038916591828,4.993144416809082,4.849699926376343,2.8858266115188598,-2.8681591510772706
0.0,0.04988092370758325,4.642871236801147,3.8656044721603395,2.7132079124450685,-2.588397264480591
0.0,0.08631281579290705,4.479117441177368,4.6513622283935545,2.784427356719971,-2.531675434112549
0.0,0.13179014671596367,3.7983982801437377,3.6770278215408325,2.2210352182388307,-2.275921845436096
1.0,0.5739458238022895,3.1880569219589234,5.2624927997589115,1.5753208160400392,-2.321078324317932
0.0,0.0394777427870365,4.9732119083404545,4.383103346824646,3.0736817598342894,-2.4743813991546633
0.0,0.06323757726086648,5.163767910003662,5.7972314834594725,3.0345805644989015,-3.0680736541748046
0.0,0.05069933176611349,4.973315715789795,4.998827695846558,2.998649334907532,-2.7545921325683596
0.0,0.05185646176915988,4.739587688446045,4.451079797744751,2.7621994733810427,-2.7824413776397705
0.0,0.04511556817509876,5.181401157379151,5.275758171081543,3.3291427850723267,-2.6747625350952147
0.0,0.009272854888882642,6.384567070007324,5.290754938125611,4.078801846504211,-2.8873955726623537
0.0,0.015401807541197594,5.963951492309571,5.311899709701538,3.7717188358306886,-2.8328805923461915
0.0,0.031462121847843305,5.499612522125244,5.481530380249024,3.5481213092803956,-2.6441580295562743
0.0,0.021486117283148594,5.906569719314575,5.887283420562744,3.61284658908844,-2.970155668258667
0.0,0.16253358026384665,3.6061097621917724,3.628919506072998,2.057622504234314,-2.448495626449585
0.0,0.3783091057316881,4.455356073379517,6.934212064743042,2.070859909057617,-4.00169186592102
0.0,0.5118589058341894,4.337346076965332,7.321483707427978,1.8110249757766723,-4.3955888748168945
0.0,0.011124561888307995,6.258447790145874,5.470434617996216,4.016811060905456,-2.7522613048553466
0.0,0.016281009477380162,5.8661284923553465,5.152732419967651,3.6783326387405397,-2.794602155685425
0.0,0.021778906228402076,5.540958499908447,4.806921577453613,3.4258981466293337,-2.740058422088623
0.0,0.024386108683362884,5.519302940368652,5.057318210601807,3.441683125495911,-2.6007441520690917
0.0,0.10145806484115899,4.151724076271057,4.1711331605911255,2.326314616203308,-2.752805399894714
0.0,0.07217689618132996,4.862412071228027,5.287360143661499,3.1655137300491334,-2.553979778289795
0.0,0.016368313317417615,5.867236137390137,5.017067527770996,3.772390627861023,-2.7163498878479
0.0,0.03530861477788084,5.486603307723999,5.6812561511993405,3.314468169212341,-3.007280111312866
0.0,0.028761091824088376,5.276063728332519,4.539895677566529,3.289751148223877,-2.5717281818389894
0.0,0.04563614545840957,5.180467367172241,5.329189968109131,3.1730984926223753,-2.8907286643981935
0.0,0.01043769582669261,6.262648248672486,5.187650489807129,3.961086940765381,-2.7099704265594484
0.0,0.012228612938742167,6.719180727005005,6.923095417022705,4.18411226272583,-3.2907713413238526
0.0,0.014031492407776423,5.9656956672668455,4.981611347198486,3.779611110687256,-2.6635934829711916
0.0,0.715224872256047,1.9927335977554321,3.7365830898284913,0.19126324653625487,-3.600469708442688
0.0,0.03861152123176286,5.106126880645752,4.704002475738525,3.29304301738739,-2.463016080856323
0.0,0.03478397867351334,5.163278198242187,4.755090761184692,3.181825041770935,-2.713993453979492
0.0,0.06127236922158136,4.462436056137085,3.765783953666687,2.663239336013794,-2.514421558380127
0.0,0.3622753225310297,3.5853481769561766,5.0589221000671385,2.2944127321243286,-2.4435513019561768
0.0,0.4739909103015007,2.573872971534729,3.3661399126052856,1.2690953850746154,-2.3235015630722047
0.0,0.007527248439555021,6.847698926925659,6.5290141105651855,4.181933283805847,-3.2747817516326903
0.0,0.053914782758159606,4.746953964233398,4.461969375610352,2.9468250036239625,-2.537471342086792
0.0,0.03520164429441318,5.916155052185059,6.613284301757813,3.640195918083191,-3.1899951934814452
0.0,0.041989007281029264,4.8522059440612795,4.0581727743148805,2.954650640487671,-2.53511118888855
0.0,0.027012964460244628,5.350169658660889,4.710464382171631,3.3076123237609862,-2.7821742057800294
0.0,0.03678720363140778,5.5934166431427,5.977015686035156,3.307968807220459,-3.129132795333862
0.0,0.004344928673323535,7.106306076049805,5.962423276901245,4.515779876708985,-3.0966392517089845
0.0,0.013164823658514617,6.083854007720947,5.301552152633667,3.8908246517181397,-2.625805377960205
0.0,0.009069422281827336,6.493356418609619,5.770530366897583,4.1296111106872555,-2.9191065788269044
0.0,0.006467514633321195,7.013866806030274,6.667960977554321,4.460000467300415,-3.1451066017150877
0.0,0.021187285436233085,6.10306305885315,6.276927518844604,4.046183919906616,-2.9577750682830812
1.0,0.02570640789866973,5.219110918045044,4.292378997802734,2.8587361335754395,-2.082356357574463
1.0,0.26211668926044485,4.304936408996582,6.039298963546753,2.2384955644607545,-2.433659029006958
1.0,0.24819812228823798,3.1191607475280763,3.2995319604873656,1.4045148134231566,-2.1476276397705076
1.0,0.0775984260233378,4.611885690689087,4.886078643798828,2.3645026683807373,-2.5346983432769776
1.0,0.09790132550265024,3.8516815185546873,3.103053069114685,1.9184818267822266,-2.1488720417022704
1.0,0.005187416504983973,6.914644575119018,6.16686053276062,3.8364813804626463,-2.609471559524536
1.0,0.062836987681563,4.539878559112549,4.361326789855957,2.294086980819702,-2.4481586456298827
1.0,0.029132904121319258,5.299360132217407,4.925968837738037,2.915795922279358,-2.2985443115234374
1.0,0.011713945967276292,6.08542103767395,5.350092792510987,3.3714190244674684,-2.3433353900909424
1.0,0.03429804326805417,5.00277009010315,4.381519937515259,2.6883406400680543,-2.184236192703247
1.0,0.0428068844232619,4.754214715957642,4.1248585224151615,2.4918707370758058,-2.149894142150879
1.0,0.05549661036548728,4.721559667587281,4.620832824707032,2.3888512134552,-2.5420836925506594
1.0,0.02749478018906472,5.11402473449707,4.003466081619263,2.7392158985137938,-2.2014230728149413
1.0,0.09569989912186647,3.907857799530029,3.355894899368286,1.8506558418273926,-2.344852828979492
1.0,0.10525883838154898,4.174281120300293,4.325221419334412,2.2058375597000124,-2.0154598712921143
1.0,0.01228050974439863,6.354940700531006,6.16535210609436,3.4009809494018555,-2.711103630065918
1.0,0.49088417032652365,3.096765899658203,4.671673393249511,1.5240179657936097,-2.16517972946167
1.0,0.007535163446207236,6.366395807266235,5.32621955871582,3.4039419174194334,-2.4835378170013427
1.0,0.03827482781399277,5.047231769561767,4.810765123367309,2.5783756017684936,-2.5091687202453614
1.0,0.014008209263685454,5.7740472793579105,4.730372190475464,3.0884397983551026,-2.316792917251587
1.0,0.017926888592176768,5.674140310287475,5.009937524795532,3.1516247034072875,-2.2378672122955323
1.0,0.1882411814894491,4.541840362548828,6.0251892566680905,2.4166894912719727,-2.4155979633331297
1.0,0.022315069600309212,5.7910583972930905,5.7223974704742435,3.2047022342681886,-2.430762434005737
1.0,0.012916793041722278,5.886016130447388,4.9082286834716795,3.2092311143875123,-2.244263458251953
1.0,0.03677464206040512,4.970534372329712,4.440104818344116,2.707158899307251,-2.0780280590057374
1.0,0.02333257729015164,5.602530527114868,5.330624437332153,3.0508322954177856,-2.4232470035552978
1.0,0.0248755150105702,5.213298559188843,4.180660247802734,2.7721835374832153,-2.3298071384429933
1.0,0.007337086207364638,6.39696569442749,5.29256854057312,3.478885269165039,-2.42222261428833
1.0,0.02546624077323217,5.3372218132019045,4.784289264678955,2.8396851301193236,-2.2833699703216555
1.0,0.24555962794730415,3.6102575778961183,4.491853141784668,1.5872000336647034,-2.7739007472991943
1.0,0.0261185812608215,5.173459196090699,4.113619422912597,2.7932453870773317,-2.186520719528198
1.0,0.015415564901051974,5.702834367752075,4.595991230010986,3.151195192337036,-2.1175893783569335
1.0,0.28765013684578344,3.490627384185791,4.487163257598877,1.6392189025878907,-2.346224880218506
1.0,0.1437189904047753,3.5253042697906496,3.285386252403259,1.5053420305252074,-2.502107572555542
1.0,0.008435096485963524,6.231296873092651,4.915816974639893,3.3861083030700683,-2.3062586307525637
1.0,0.024943116356940555,5.486027717590332,5.177397060394287,2.9755220651626586,-2.3831822872161865
1.0,0.02403919893243069,5.32606086730957,4.457612037658691,2.9518154859542847,-2.074700450897217
1.0,0.0470376253840357,5.407385921478271,5.911328887939453,3.046938180923462,-2.3383971214294434
1.0,0.6532201707130108,2.5519001483917236,4.340707159042358,1.1192683100700378,-2.2552451610565187
1.0,0.3167719700860846,3.5789704084396363,4.8636387348175045,1.4377328634262085,-3.015763545036316
1.0,0.023021290851951356,5.270958423614502,4.078692436218262,2.7794519424438477,-2.250597429275513
1.0,0.0059959593443054135,6.554858255386352,5.21269268989563,3.552276110649109,-2.470970106124878
1.0,0.10734036137986723,3.933317232131958,3.8130637407302856,1.7712058544158935,-2.541597366333008
1.0,0.004116362229860959,6.958558988571167,5.617915201187134,3.9357234477996825,-2.2971928119659424
1.0,0.020996638960921816,5.4730767726898195,4.725424289703369,3.002523183822632,-2.158847188949585
1.0,0.009786406714799878,6.110057258605957,4.852503538131714,3.368782877922058,-2.2945147514343263
1.0,0.008282625092198332,6.376229619979858,5.499345684051514,3.5202703952789305,-2.447672414779663
1.0,0.16031102605684502,4.405513334274292,5.50817232131958,2.38653724193573,-2.313166618347168
1.0,0.0188269212933975,5.510392522811889,4.628001642227173,2.935696077346802,-2.3395835399627685
1.0,0.5329311635843573,3.256944727897644,5.241424465179444,1.1197240710258485,-3.5011986970901487
1.0,0.009301716034707782,6.219467353820801,5.309185361862182,3.3565638303756713,-2.4789520263671876
1.0,0.05262335884822173,4.892781591415405,4.9213512420654295,2.6658106803894044,-2.121771001815796
1.0,0.012014902266350751,6.5819727897644045,6.631480741500854,3.585069680213928,-2.637275218963623
1.0,0.007456167113763596,6.620607471466064,6.023766040802002,3.7327358722686768,-2.4759398460388184
1.0,0.047945971062619615,4.594328165054321,3.6585272789001464,2.4472604513168337,-2.1471529483795164
1.0,0.03867990578815688,4.7807228565216064,3.8764903783798217,2.4732861518859863,-2.2878980159759523
1.0,0.057335134974176076,4.4316271305084225,3.639952516555786,2.3605100393295286,-2.1126702785491944
1.0,0.03405591704368544,4.942250537872314,4.037130999565124,2.6732738733291628,-2.1305257797241213
1.0,0.06476925892074002,4.267641305923462,3.450662612915039,2.1660195350646974,-2.2130532264709473
1.0,0.15737643065942603,4.918102836608886,6.546827936172486,2.4931394338607786,-3.190133810043335
1.0,0.0443784175619866,4.95738582611084,4.767712354660034,2.7440261125564573,-2.1256395816802978
1.0,0.020259215632109504,5.494927787780762,4.6975492477417,2.9817769289016725,-2.17830114364624
1.0,0.00596007993265751,6.564435195922852,5.223099565505981,3.5919935941696166,-2.4512894630432127
1.0,0.05611387624941798,4.934028196334839,5.128165006637573,2.5378808975219727,-2.5851654529571535
1.0,0.22049335043598162,4.1197480916976925,5.390805721282959,2.0005691051483154,-2.932164120674133
1.0,0.030219466817352793,5.043142795562744,4.170277857780457,2.665265679359436,-2.3044540882110596
1.0,0.04693842614449043,5.0065553188323975,5.008300304412842,2.73132700920105,-2.212375450134277
1.0,0.013250498931482169,5.893317842483521,5.100169944763183,3.10967435836792,-2.4781071186065673
1.0,0.10457803180344688,4.58489146232605,5.2614823341369625,2.441373610496521,-2.2958678722381594
1.0,0.014017052600360194,5.80506329536438,4.820929908752442,3.165865731239319,-2.3286909580230715
1.0,0.11346517832327788,4.0187276124954225,4.0782942295074465,2.115177798271179,-2.093510127067566
1.0,0.5683899049733071,1.7168555498123168,1.4801438927650452,-0.0189711332321167,-2.764674735069275
1.0,0.0041476938065314935,7.412385272979736,7.034619235992432,4.260347628593445,-2.796423149108887
1.0,0.02641674597278083,5.7866167545318605,5.927826023101806,3.1434404850006104,-2.691884756088257
1.0,0.008934969347645845,6.218904256820679,4.9346846580505375,3.468171262741089,-2.361469793319702
1.0,0.01433384099098037,5.78824634552002,4.876805448532105,3.147567296028137,-2.2891095638275147
1.0,0.35657518371319014,3.0172879219055178,3.858557367324829,1.0959830045700074,-2.825733280181885
1.0,0.010420290710590098,6.0681602478027346,4.871680688858032,3.335427498817444,-2.319508171081543
1.0,0.019533100146021994,5.719941329956055,5.3600931644439695,3.1006468296051026,-2.498534393310547
1.0,0.0259158903330794,5.7557614803314205,5.870854377746582,3.063851523399353,-2.795967435836792
1.0,0.0655503750898896,4.893620300292969,5.2701493263244625,2.6574008226394654,-2.3046746253967285
1.0,0.10526727304281833,3.8872408866882324,3.5845589876174926,1.8390509247779847,-2.460441732406616
1.0,0.011187405189929167,5.985494136810303,4.857343482971191,3.240635633468628,-2.3649544715881348
1.0,0.011547442519853898,5.912889051437378,4.652793550491333,3.1316175937652586,-2.3251418590545656
1.0,0.0051810542103419965,7.643134641647339,7.8092132091522215,4.360357570648193,-2.97448525428772
1.0,0.32435786729511384,3.9649145364761353,5.686669063568115,1.7321723699569702,-3.248385262489319
1.0,0.0103447660784463,6.078943967819214,4.865930795669556,3.3837303161621093,-2.3153762340545656
1.0,0.0528911616181192,4.512855100631714,3.8541145801544188,2.2732954025268555,-2.2998659133911135
1.0,0.02120993038229542,5.446816110610962,4.7397504329681395,2.8773147106170653,-2.2866660594940185
1.0,0.022045715152575814,5.673313951492309,5.417718887329102,3.1193437576293945,-2.286990833282471
1.0,0.009894372630102611,6.269418048858642,5.556696987152099,3.4995179891586305,-2.393311882019043
1.0,0.022517731492031155,5.413627290725708,4.73953161239624,2.9187689304351805,-2.285653305053711
1.0,0.007774809869818692,6.303934764862061,5.045060777664185,3.4171899557113647,-2.4298656463623045
1.0,0.11144935276094801,4.0167851686477665,4.04044189453125,2.0531359672546388,-2.137370991706848
1.0,0.009947752234906636,6.11648736000061,4.83950982093811,3.431828165054321,-2.2321544170379637
1.0,0.007090106293563335,6.392632532119751,5.096890592575074,3.4736322164535522,-2.4598597049713136
1.0,0.08258745441362045,4.0804458379745485,3.4524137020111083,2.0756636261940002,-2.1199705839157104
1.0,0.05208499742526272,5.415409231185913,6.087269067764282,2.933583974838257,-2.4554774284362795
1.0,0.012231817470031717,5.856113529205322,4.597490835189819,3.0858193159103395,-2.389659786224365
1.0,0.02033398296734948,5.6771934032440186,5.307805061340332,3.095785927772522,-2.40565881729126
1.0,0.07256118162452414,4.301372337341308,3.926161766052246,2.2720260858535766,-2.064709758758545
1.0,0.011451084930629931,6.127608156204223,5.514935255050659,3.2226375102996827,-2.5720938205718995
1.0,0.06197093588913437,4.852670812606812,5.124874639511108,2.4254963874816893,-2.704969549179077
1.0,0.007746837104500512,6.329956912994385,5.006918144226074,3.4954198598861694,-2.323703384399414
1.0,0.05320726339909538,4.678077983856201,4.338006639480591,2.5931527614593506,-2.022741603851318
1.0,0.20808083991563162,3.900220274925232,4.820981645584107,2.0355472326278687,-2.190420937538147
1.0,0.09998487695970878,3.9989623069763183,3.8472251892089844,1.8087757110595704,-2.5436511516571043
1.0,0.03245544141538724,5.144932222366333,4.687190675735474,2.8345455884933473,-2.154129409790039
1.0,0.026546716099157194,5.254873418807984,4.608812999725342,2.8400567054748533,-2.2294071197509764
1.0,0.04330786033059249,5.02940526008606,4.93105788230896,2.6251912355422973,-2.5220038414001467
1.0,0.01354713860979923,6.359357500076294,6.304208993911743,3.549175262451172,-2.3797730922698976
1.0,0.047595246107533115,4.7937088966369625,4.484730529785156,2.502775239944458,-2.4285301685333254
1.0,0.10068106618853317,4.17676055431366,4.311441135406494,1.9718524932861328,-2.581275153160095
1.0,0.009164003466422608,6.211930561065674,5.200156879425049,3.3747894048690794,-2.4325563430786135
1.0,0.006911589268295032,6.490161180496216,5.29726824760437,3.6708952665328978,-2.4190688610076903
1.0,0.008604920321864717,6.239740467071533,5.123574256896973,3.3890712022781373,-2.3557765007019045
1.0,0.032146806082509256,5.09117374420166,4.55921368598938,2.6543394565582275,-2.340121841430664
1.0,0.06814010403176952,4.3609966278076175,3.9085428714752197,2.37408287525177,-2.0178439140319826
1.0,0.467286133977601,3.8599326848983764,6.152800846099853,2.0075185298919678,-2.444764828681946
1.0,0.16079700222308835,3.902771544456482,4.401310443878174,2.0455074191093443,-2.0705980539321898
1.0,0.4615878766146463,2.049909543991089,1.9227588295936584,0.23026200532913207,-2.6765690565109255
1.0,0.02332151727828998,5.271539211273193,4.260154271125794,2.7843892097473146,-2.266854429244995
1.0,0.014504934731560587,5.787630033493042,4.87240252494812,3.177834677696228,-2.1602237224578857
1.0,0.027176845936171635,5.301462888717651,4.748529767990112,2.899275374412537,-2.18887882232666
1.0,0.02300619512790412,5.455517959594727,4.893404626846314,2.9863775253295897,-2.337018585205078
1.0,0.016018478618928564,5.695905447006226,4.823619365692139,3.1109023332595824,-2.178443670272827
1.0,0.01587145300243022,5.611836671829224,4.386567735671997,2.96671941280365,-2.388992166519165
1.0,0.481092842276275,3.0598707675933836,4.542178153991699,1.5617102265357972,-2.131314277648926
1.0,0.016632728637812795,5.6175675868988035,4.637697076797485,2.9930602073669434,-2.3176352977752686
1.0,0.007004249368305081,6.615251255035401,5.881363344192505,3.645914173126221,-2.476873207092285
1.0,0.012554246661348903,5.854475116729736,4.729018115997315,3.0968542098999023,-2.422841215133667
1.0,0.06972970040046765,4.178637886047364,3.2401617050170897,2.1218025922775268,-2.2027074813842775
1.0,0.06566828062480617,4.291450881958008,3.6876675367355345,2.1146732807159423,-2.4363855361938476
1.0,0.04861493520345237,4.676939964294434,4.241007876396179,2.3299889087677004,-2.4978394985198973
1.0,0.12841355065882554,3.9082019090652467,4.0688375473022464,1.8172298431396485,-2.5932763814926147
1.0,0.20614284515505685,3.3418992519378663,3.4925218343734743,1.606155514717102,-2.1349502563476563
1.0,0.06800871978699585,4.260092735290527,3.5770789861679075,2.2113758325576782,-2.1087759017944334
1.0,0.036771477174588604,4.871140432357788,3.9145426988601684,2.661807632446289,-2.077273368835449
1.0,0.0047781245932137124,6.782731676101685,5.368105411529541,3.7765059232711793,-2.3854483127593995
1.0,0.02150303402470848,5.544253969192505,5.03152904510498,3.0390065193176268,-2.3411787033081053
1.0,0.15395862519196113,4.5079902648925785,5.674121332168579,2.1894140005111695,-3.0841402053833007
1.0,0.28305936758340583,3.6500330209732055,4.785871601104736,1.9014050960540771,-2.2122318506240846
1.0,0.021218131294219403,5.398509693145752,4.290052604675293,2.9472102403640745,-2.1184948921203612
1.0,0.18611629775794034,3.6984814405441284,4.231335544586182,1.5957972407341003,-2.807642102241516
1.0,0.05286386902663757,5.147865295410156,5.509075927734375,2.73792405128479,-2.38161358833313
1.0,0.03984189188851553,5.2283063411712645,5.283914232254029,2.7281628370285036,-2.6649991512298583
1.0,0.07753770552776498,5.159756183624268,6.057656908035279,2.6976263999938963,-2.9721016883850098
1.0,0.027051774478843688,5.259657096862793,4.628155851364136,2.881532573699951,-2.172654962539673
1.0,0.07642560904728997,4.260251426696778,3.920703315734863,2.2647839069366453,-2.058158254623413
1.0,0.027061349295616394,5.141191625595093,4.1631760597229,2.759368371963501,-2.26470832824707
1.0,0.008088266754339378,6.282205057144165,5.113942813873291,3.410815691947937,-2.4167001247406006
1.0,0.08010622664988866,4.106801676750183,3.4890429735183717,2.1069268941879273,-2.1153621912002563
1.0,0.017940954534568718,5.564938116073608,4.529415416717529,3.0750022888183595,-2.118833589553833
1.0,0.03187081585757788,5.211212778091431,4.840927505493164,2.8854557275772095,-2.1209339618682863
1.0,0.03160822537817536,5.301384544372558,5.092350625991822,2.840908408164978,-2.493055820465088
1.0,0.17601932880240836,4.072922611236573,4.969500207901001,1.8305912971496583,-3.0607950687408447
1.0,0.13730037955008018,4.259110593795777,4.95695915222168,2.207218790054321,-2.2933013439178467
1.0,0.07992387450028782,4.0385613441467285,3.1621670722961426,2.0098469972610475,-2.2305612564086914
1.0,0.04047456835827053,4.750537395477295,3.9599687099456786,2.4421985387802123,-2.3484458446502687
1.0,0.12713050273599302,4.168246650695801,4.63857593536377,1.9253152847290038,-2.79643030166626
1.0,0.013517365800119877,6.635001564025879,6.888613557815551,3.6087377071380615,-2.7157875061035157
1.0,0.2715803475002377,3.456392192840576,4.3316363334655765,1.378755223751068,-2.845014762878418
1.0,0.009506996150422355,6.186310958862305,4.982066488265991,3.5206574201583862,-2.1636778831481935
1.0,0.011593385127061283,6.158065462112427,5.572375535964966,3.3570748567581177,-2.585529851913452
1.0,0.025263398012366732,5.6391960144042965,5.540266609191894,3.0324696779251097,-2.40751633644104
1.0,0.23394401253501157,3.8644612789154054,4.949808788299561,1.7529067516326904,-2.952384853363037
1.0,0.017256655174332208,5.735740280151367,5.144228982925415,3.1655430793762207,-2.2673277378082277
1.0,0.02142849216402818,5.701260185241699,5.444777536392212,3.1492820739746095,-2.3568443298339843
1.0,0.0126212944755693,5.921698093414307,4.972925806045533,3.2328054428100588,-2.3708231925964354
1.0,0.016244796881795174,5.713440370559693,4.878423023223877,3.1439853429794313,-2.2603299617767334
1.0,0.02321362275474574,5.284180641174316,4.332837104797363,2.789323163032532,-2.2114381790161133
1.0,0.010286312119069432,6.086788082122803,4.894065046310425,3.353292393684387,-2.2834739208221437
1.0,0.00754276902951351,6.553239631652832,5.845892333984375,3.636376976966858,-2.4590516090393066
1.0,0.0047807569006770205,6.895812940597534,5.96584677696228,3.8008135080337526,-2.513690233230591
1.0,0.01357772438879041,5.825341987609863,4.735829877853393,3.211667203903198,-2.187209415435791
1.0,0.029059236180055188,5.162698078155517,4.46033091545105,2.8215653896331787,-2.086307144165039
1.0,0.009546098219411905,6.363271284103393,5.76407823562622,3.548313307762146,-2.5612528324127197
1.0,0.07290847162392995,5.042934894561768,5.750972127914428,2.665768933296204,-2.7649316787719727
1.0,0.08840793736530571,4.454834890365601,4.7281781196594235,2.3858598470687866,-2.210945224761963
1.0,0.07035267500824531,5.575290393829346,6.788838958740234,3.139041209220886,-2.487750434875488
1.0,0.0913336490539547,4.762321043014526,5.4726786613464355,2.4009326219558718,-2.852474737167358
1.0,0.03560196058148223,4.9171980857849125,4.13486156463623,2.661806893348694,-2.1273991107940673
1.0,0.015274805457152077,5.728656053543091,4.760074615478516,3.149168372154236,-2.278150463104248
1.0,0.004803606830660648,6.718792486190796,5.313044452667237,3.58373122215271,-2.618554639816284
1.0,0.0733481321831776,4.287747812271118,3.9949294328689575,2.076429319381714,-2.449427938461304
1.0,0.017281480087640612,5.6801838874816895,4.916985559463501,3.123447132110596,-2.3127795219421388
1.0,0.017066029083587505,5.823208951950074,5.379478693008423,3.1852407693862914,-2.4947200298309324
1.0,0.011051220404669486,6.063018274307251,5.1094776630401615,3.3802522897720335,-2.2975493907928466
1.0,0.02827473381139968,5.094804525375366,4.116568994522095,2.7052863359451296,-2.1860207080841065
1.0,0.0038960153062457675,7.137414455413818,6.321839284896851,3.8122721195220945,-2.7467692375183104
1.0,0.015999062792741905,5.77937879562378,5.101238584518432,3.179036021232605,-2.31923770904541
1.0,0.01212857149030463,5.949211931228637,4.9925861835479735,3.2288020133972166,-2.3088798999786375
1.0,0.07133472277757237,4.6396643161773685,4.799972724914551,2.5195207357406617,-2.1852625370025636
1.0,0.02148289042926169,5.809535789489746,5.715426874160767,3.153016710281372,-2.5911261558532717
1.0,0.055094983704152056,4.906416654586792,4.993608045578003,2.710580849647522,-2.1157649993896483
1.0,0.004657355755130331,6.90636682510376,5.890695190429687,3.8231022357940674,-2.494628429412842
1.0,0.0035882124852275737,7.115033912658691,5.983275842666626,3.7932179450988768,-2.6723814964294434
1.0,0.006169132504042766,6.60734453201294,5.5822446823120115,3.6379860162734987,-2.537964630126953
1.0,0.01956122408746897,5.4534543514251705,4.389304208755493,2.9568975448608397,-2.147213840484619
1.0,0.013347883894407447,5.889263343811035,5.077020168304443,3.180107569694519,-2.300426483154297
2.0,0.022144729586285748,5.3241759777069095,4.751780271530151,1.8755203247070313,-5.179278612136841
2.0,0.01650882176105468,5.5444237232208256,4.90123176574707,1.6235721349716186,-6.318058061599731
2.0,0.02673081006892189,4.786495542526245,3.7449795961380006,1.3692424774169922,-5.383967447280884
2.0,0.019597295078489126,5.046737098693848,3.8931501150131225,1.4603099346160888,-5.612335205078125
2.0,0.020271024599799653,5.003465890884399,3.8142562389373778,1.434855079650879,-5.548198556900024
2.0,0.1755135125517338,2.960769701004028,2.430330204963684,0.3540259122848511,-4.546419715881347
2.0,0.21368385625338981,3.6979315996170046,4.485704565048218,1.2869793176651,-4.25623517036438
2.0,0.020707323984807208,4.997756433486939,3.7595986843109133,1.5610812425613403,-5.409093427658081
2.0,0.037398257216660694,5.099690008163452,5.022001075744629,1.4673841953277589,-6.0997155666351315
2.0,0.007954965186450209,5.7622147560119625,4.035146021842957,1.8305530786514281,-5.99887113571167
2.0,0.09569999943148809,3.993522524833679,3.948229217529297,0.819203782081604,-5.241297912597656
2.0,0.022285664952879,5.2098325252532955,4.496528816223145,1.8084937572479247,-5.308350706100464
2.0,0.0697950753224266,4.403007507324219,4.393927097320557,1.076844906806946,-5.63801155090332
2.0,0.01717716141502152,5.052962160110473,3.443670153617859,1.456473708152771,-5.584823369979858
2.0,0.05342203941469097,4.351367712020874,3.8771790981292726,1.099767303466797,-5.322418832778931
2.0,0.3286487748807556,3.4325469493865968,4.600616121292115,1.1589602470397948,-4.094696831703186
2.0,0.09825248336100666,4.152932786941529,4.3283140659332275,0.9144835948944092,-5.498548746109009
2.0,0.06694776226921174,5.128053379058838,5.843493461608887,1.3091044425964355,-6.603469467163086
2.0,0.06608631869748795,4.5353460788726805,4.605325174331665,1.0883803606033324,-5.772703504562378
2.0,0.014798787476258004,5.337139654159546,4.064467048645019,1.813292646408081,-5.35901370048523
2.0,0.23446519850039835,2.878438711166382,2.8702865123748778,0.17873520851135255,-4.712246465682983
2.0,0.028025990003074482,5.322243595123291,5.130788564682007,1.5361562490463256,-6.158690738677978
2.0,0.03749381581457498,4.708196544647217,4.144597291946411,1.374662160873413,-5.436391830444336
2.0,0.0649695414083874,4.112196588516236,3.578015995025635,1.007764720916748,-5.093068790435791
2.0,0.5124477066154642,2.770788288116455,4.159732007980347,0.011873888969421386,-5.235612678527832
2.0,0.043832947392692875,4.695635461807251,4.320376706123352,1.6300552368164063,-4.936779928207398
2.0,0.07183473927278669,4.435022830963135,4.479740381240845,1.4907811880111694,-4.762849235534668
2.0,0.006323518661988209,5.935074996948242,3.976800322532654,1.8843366861343385,-6.0794988632202145
2.0,0.007127187872805477,6.016892957687378,4.74642391204834,1.8465835094451903,-6.511659860610962
2.0,0.039685616404178586,5.187873840332031,5.28477931022644,1.4620971918106078,-6.2785333633422855
2.0,0.09080928125813793,4.339108896255493,4.590493392944336,1.5107331275939941,-4.628811883926391
2.0,0.23475428924686048,3.0768973588943482,3.2413941860198974,0.8550743579864502,-3.889582943916321
2.0,0.04783368858499473,4.300518465042114,3.4670207023620607,1.2572540760040283,-4.945661973953247
2.0,0.016885578240092066,5.2713010787963865,4.253082537651062,1.5501193046569823,-5.902725791931152
2.0,0.3192703948249575,3.2472044229507446,4.180401730537414,1.006698226928711,-4.081538271903992
2.0,0.11064197557704093,3.3781500339508055,2.4545172214508058,0.7131175518035888,-4.4189879417419435
2.0,0.24683470827610032,3.0977218389511108,3.4144490718841554,0.8042366981506348,-4.016408896446228
2.0,0.034413602607711084,4.642455768585205,3.7320571184158324,1.5221095561981202,-4.8383684158325195
2.0,0.024217601403824646,4.882027816772461,3.67160382270813,1.6243202447891236,-5.188509082794189
2.0,0.2672761916856085,2.361432433128357,1.4419452786445617,0.009395074844360352,-4.155965757369995
2.0,0.13977705345454255,3.5221269607543944,3.457299590110779,0.6497643947601318,-4.84750189781189
2.0,0.01167377143410374,5.402569055557251,3.7464158296585084,1.6053923130035401,-5.877606439590454
2.0,0.07434755262981757,4.021337151527405,3.544207239151001,1.2245365142822267,-4.576907062530518
2.0,0.018773782145681192,5.1660936832427975,4.1456228494644165,1.5589341402053833,-5.721727705001831
3.0,0.6942303270226321,2.543357753753662,4.85419225692749,-0.24592690467834472,-5.6585386276245115
2.0,0.041542121190685816,4.643554544448852,4.121917390823365,1.4036536455154418,-5.255262136459351
2.0,0.07691188958579856,3.867378306388855,3.218173551559448,0.9333868265151978,-4.854087543487549
2.0,0.04136291487737764,4.4710118770599365,3.6947980403900145,1.2360294342041016,-5.173708868026734
2.0,0.010650926716612108,5.506249713897705,3.872245359420776,1.692885684967041,-5.899399948120117
2.0,0.4548658464255544,2.5523930311203005,3.3571810483932496,0.5925016283988953,-3.6941635608673096
2.0,0.007344816745369715,5.850653219223022,4.235050678253174,1.812076950073242,-6.0633643627166744
2.0,0.0367529552105694,4.421568393707275,3.0743635177612303,1.3399334669113159,-4.822458934783936
2.0,0.017878522515362608,5.260626029968262,4.260831499099732,1.7294385194778443,-5.333672714233399
2.0,0.03393056760296947,4.834905052185059,4.2991726160049435,1.4476274251937866,-5.478938102722168
2.0,0.023896008966706662,4.910377740859985,3.7468995571136476,1.6038925409317017,-5.04942307472229
2.0,0.03720917210103629,4.581838655471802,3.78840594291687,1.3254016637802124,-5.205028009414673
2.0,0.05211753439007076,4.07440152168274,2.690201687812805,1.1548487663269043,-4.706399393081665
2.0,0.0552070915169715,4.069571447372437,3.0382639169692993,1.087253499031067,-4.845682287216187
2.0,0.025883881870563067,4.859280252456665,3.8560962200164797,1.4932753086090087,-5.168804883956909
2.0,0.15437481259906138,3.021995735168457,2.1039254546165465,0.5525420427322387,-4.220157146453857
2.0,0.05101258297920371,4.148577380180359,3.0967682123184206,1.1552419424057008,-4.759933805465698
2.0,0.04974371005392319,4.986388444900513,5.171037673950195,1.2688661098480225,-6.186627435684204
2.0,0.025879529282351436,4.712969541549683,3.197445440292358,1.3824289321899415,-5.157988500595093
2.0,0.030408689014938397,4.583531045913697,3.1338632822036745,1.3973079442977905,-5.021153783798217
2.0,0.04230304230468808,4.701331710815429,4.3098297119140625,1.4027054071426392,-5.488534927368164
2.0,0.3250508159972065,2.8675200223922728,3.3770302534103394,0.7383834481239319,-3.930429148674011
2.0,0.012167375004108975,5.381340074539184,3.655107927322388,1.6792463302612304,-5.6674213886260985
2.0,0.013144579713013551,5.333296823501587,3.651312065124512,1.7200525045394897,-5.559057092666626
2.0,0.06505338557920122,3.8598952770233153,2.563144659996033,1.0120456218719482,-4.549854183197022
2.0,0.03739516635594452,5.078831672668457,4.982318639755249,1.3584785223007203,-6.147431182861328
2.0,0.06377803582417294,4.1147911071777346,3.559354853630066,1.01864755153656,-4.996439456939697
2.0,0.07697503796010861,3.9710281133651733,3.4656111001968384,1.1886529445648193,-4.4474011898040775
2.0,0.06859605178034983,3.84973464012146,2.7334508419036867,1.074497890472412,-4.525757884979248
2.0,0.017179152696606942,5.072817182540893,3.383510160446167,1.5403635263442994,-5.344820165634156
2.0,0.026302215368858583,4.9202569961547855,4.013924527168274,1.6637218713760376,-5.055640029907226
2.0,0.1094821314151095,3.331387758255005,2.1233129501342773,0.6963142156600952,-4.38285722732544
2.0,0.10232692925606193,3.8158105850219726,3.6464508295059206,0.812589693069458,-5.027396726608276
2.0,0.03247918610101578,4.527449417114258,3.1011571645736695,1.3823298215866089,-4.9515485763549805
2.0,0.05526307958356008,4.230147743225098,3.6158247709274294,1.0391188859939575,-5.29013843536377
2.0,0.06332471885537412,3.9865761756896974,3.0644016742706297,1.1607728719711303,-4.532512903213501
2.0,0.055402039196728974,4.214552307128907,3.5674635410308837,1.0657052040100097,-5.0770752906799315
2.0,0.024243631559786948,5.201325702667236,4.64479079246521,1.5518579006195068,-5.905528259277344
2.0,0.012710874330333745,6.03784818649292,5.606211519241333,2.29714457988739,-5.648957252502441
2.0,0.2866519422280946,2.3130185127258303,1.4939804196357727,0.008688211441040039,-4.104253792762757
2.0,0.09436889405196439,3.7353114604949953,3.300265669822693,0.7825948238372803,-4.834798097610474
2.0,0.011710711058923295,5.420679330825806,3.6631600856781006,1.7138490676879883,-5.727972173690796
2.0,0.03242603204334488,4.755999660491943,4.0197343826293945,1.3613363265991212,-5.4886528015136715
2.0,0.02166585983401505,5.371412658691407,4.865493488311768,1.624668264389038,-6.114942169189453
2.0,0.10987137988004529,3.8515730619430544,3.838730001449585,0.8510137557983398,-5.091707849502564
2.0,0.03141648781192326,4.865574073791504,4.193013119697571,1.6295928001403808,-5.01904296875
2.0,0.033060377909663145,5.147081995010376,4.949184608459473,1.8293273210525514,-5.108099889755249
2.0,0.039130596603925705,4.515728759765625,3.7273276329040526,1.2440709114074706,-5.281259155273437
2.0,0.3636638580365349,3.4011757612228393,4.755022478103638,0.28515625,-5.648852157592773
2.0,0.0802057626709888,3.8760446071624757,3.340197443962097,0.9527252435684204,-4.816228532791138
2.0,0.012373964341749852,5.354332971572876,3.66226122379303,1.6489967107772827,-5.768811655044556
2.0,0.040564246749279026,4.997278070449829,4.926960611343384,1.4344741344451903,-5.928963994979858
2.0,0.031200735833770997,4.5428930759429935,3.1181868076324464,1.3063475370407105,-5.123970651626587
2.0,0.012406959743311206,5.394179010391236,3.8666261196136475,1.6701876878738404,-5.733319234848023
2.0,0.0879696005689354,4.72649917602539,5.360101509094238,1.7871217727661133,-4.801055526733398
2.0,0.02264528900198068,4.974470710754394,3.931718134880066,1.5168420791625976,-5.494296836853027
2.0,0.03264342714565213,4.544915294647216,3.2720829486846923,1.3685275077819825,-5.03773775100708
2.0,0.035774629841554675,4.406803894042969,2.9961106538772584,1.2419497966766357,-5.033002471923828
2.0,0.11738239345821053,4.069528269767761,4.325293493270874,1.4313642501831054,-4.3982054710388185
2.0,0.014546537030422963,5.317303895950317,3.9705456495285034,1.7291518211364747,-5.4729396343231205
2.0,0.015647060543232297,5.203345918655396,3.637757921218872,1.6922239780426025,-5.376879930496216
2.0,0.3308165273405625,2.5915917634963987,2.7619200706481934,0.43905391693115237,-3.816398811340332
2.0,0.3727623078019222,2.598871922492981,3.0353777408599854,0.4701287031173706,-3.8929088354110717
2.0,0.037048324702433424,4.430056571960449,3.207632040977478,1.3014652252197265,-5.003169155120849
2.0,0.016958749712476545,5.200188636779785,3.982798767089844,1.6519140481948853,-5.441608238220215
2.0,0.016970882815154652,5.0941871166229244,3.4829105138778687,1.5872009515762329,-5.43280873298645
2.0,0.03474364225810293,4.587965822219848,3.703614282608032,1.2891673803329469,-5.222814607620239
2.0,0.2101978915344621,2.9157599449157714,2.6141159534454346,0.5487864732742309,-3.9927107810974123
2.0,0.21518881465273826,3.1612001419067384,3.3101803064346313,0.8117666482925415,-4.147299861907959
2.0,0.6914289608767803,2.0640759110450744,3.789760422706604,-0.6508225083351136,-5.242061996459961
2.0,0.015136097012787638,5.180824184417725,3.486066794395447,1.597181248664856,-5.4720995903015135
2.0,0.032215606384409644,4.859800195693969,4.233600282669068,1.5684545516967774,-5.0523309230804445
2.0,0.03577277093674249,4.428838109970092,3.042522740364075,1.312343692779541,-4.890330362319946
2.0,0.019940608239540934,5.754668521881103,5.593677282333374,2.1285560369491576,-5.6540608406066895
2.0,0.01626689736234297,5.153118896484375,3.6510799646377565,1.6199953317642213,-5.4914778709411625
2.0,0.01544606020139666,5.429762840270996,4.519210433959961,1.6525204181671143,-5.933712291717529
2.0,0.6378171089103042,2.1914796829223633,3.505846357345581,0.3899931788444519,-3.6512745141983034
2.0,0.03498627484085386,4.773127651214599,4.138887786865235,1.5438336372375487,-5.062945079803467
2.0,0.269144937981332,3.6385090589523315,4.72666015625,1.144957709312439,-4.3838001728057865
2.0,0.3425005243777609,3.2760369300842287,4.3727294445037845,1.0360205888748169,-3.976834511756897
2.0,0.019978964398262213,5.081902647018433,3.983068013191223,1.5841650724411012,-5.375999784469604
2.0,0.0031393963282883844,6.586960077285767,4.782076692581176,2.0496825695037844,-6.904049062728882
2.0,0.05010968465950224,4.191220474243164,3.217661952972412,1.1572798013687133,-4.935297107696533
2.0,0.06064843011868535,4.263667869567871,3.843156886100769,1.0593683481216432,-5.2534997940063475
2.0,0.042603664032982484,4.645895671844483,4.199539208412171,1.3206112384796143,-5.443090343475342
2.0,0.033975038422351354,5.46301383972168,5.6642485618591305,2.016712188720703,-5.380099868774414
2.0,0.11146865690915474,3.674978017807007,3.3299311637878417,1.0800212621688843,-4.299000382423401
2.0,0.05372945948493042,4.0870599269866945,2.9048244953155518,1.178978157043457,-4.607674551010132
2.0,0.1902727179136705,3.529502439498901,3.9497655868530273,1.051945447921753,-4.309020709991455
2.0,0.18063915124525606,2.9908766031265257,2.598114514350891,0.32113118171691896,-4.64426965713501
2.0,0.016641895847257303,5.350926876068115,4.415432977676391,1.6690196990966797,-5.872089290618897
2.0,0.00826843155113699,5.693098497390747,3.8133371353149412,1.7444715976715088,-5.973130464553833
2.0,0.02634158731913304,5.206226539611817,4.747468948364258,1.8721830368041992,-5.0349658012390135
2.0,0.01796842951479894,5.089403533935547,3.6634543180465697,1.6178470849990845,-5.3099181175231935
2.0,0.007164179177723497,6.015912961959839,4.713723468780517,1.8788718700408935,-6.483559942245483
2.0,0.01732918753942805,5.15890908241272,3.9433645963668824,1.5210383892059327,-5.715056657791138
2.0,0.02023682130563824,4.9217713356018065,3.2842225790023805,1.4780375242233277,-5.375416278839111
2.0,0.011109868510167799,5.489821577072144,3.9394134521484374,1.6893142223358155,-5.845078229904175
2.0,0.49617367505257365,3.5469868659973143,5.648546028137207,1.4558316469192505,-4.080008411407471
2.0,0.031305963448471835,4.631475591659546,3.489357328414917,1.4573637008666993,-5.1121790409088135
2.0,0.08738552981701289,3.991520118713379,3.7456393480300902,1.203030776977539,-4.4843621253967285
2.0,0.005274161231348249,6.069397258758545,4.205296444892883,1.8181871891021728,-6.450154590606689
2.0,0.0385622272537053,4.821133852005005,4.470536994934082,1.2722917795181274,-5.892834234237671
2.0,0.09663984852335408,4.566381978988647,5.1664204597473145,1.0808010339736938,-6.015725755691529
2.0,0.013434219257641385,5.426332092285156,4.220329284667969,1.667117667198181,-5.969251918792724
2.0,0.04664609923953658,4.890688180923462,4.820999670028686,1.8026201725006104,-4.881269311904907
2.0,0.07627862885546605,4.502233934402466,4.713198709487915,1.1829054594039916,-5.629259729385376
2.0,0.1396978748284211,3.2437761068344115,2.593464994430542,0.7883136749267579,-4.114921140670776
2.0,0.061042559230750186,4.746044063568116,4.944540119171142,1.1802917957305907,-6.047529983520508
2.0,0.03204415252363232,4.540410566329956,3.1141449213027954,1.3837800979614259,-4.974500226974487
2.0,0.2095653416368979,2.8835548877716066,2.5111669301986694,0.5697227954864502,-4.107172298431396
2.0,0.029994341072792342,4.624809837341308,3.3091129541397093,1.444529366493225,-5.004904747009277
2.0,0.06337450781276797,4.1928699016571045,3.720309281349182,1.1322546005249023,-5.02367787361145
2.0,0.021876627729584784,5.5937847137451175,5.398840999603271,1.5962093830108643,-6.506983947753906
2.0,0.013145880559538449,5.610718393325806,4.707436227798462,1.5935428142547607,-6.365071153640747
2.0,0.018357045476383307,5.400182056427002,4.704036474227905,1.6767076969146728,-6.061350727081299
2.0,0.021978482422357528,5.394695186614991,4.939503574371338,1.8773384809494018,-5.458344554901123
2.0,0.04445150129587998,4.586911249160766,4.081023955345154,1.5273253679275514,-4.88737006187439
2.0,0.13538341066488097,4.668350076675415,5.837342977523804,0.9274002075195312,-6.43932785987854
2.0,0.05642177420876156,4.055025100708008,2.86978223323822,1.2256095647811889,-4.49915919303894
2.0,0.045502336049243385,4.260045099258423,3.1598678827285767,1.2189931869506836,-4.824391889572143
2.0,0.007654916208921011,5.866511249542237,4.380588674545288,1.8888800859451294,-6.167080211639404
2.0,0.3081157747532841,3.1791401624679567,3.9756370782852173,0.9293140292167663,-4.0653321743011475
2.0,0.03993594138794811,5.249656629562378,5.41981692314148,1.5193612098693847,-6.23014645576477
2.0,0.025012143699254967,4.873201036453247,3.863889741897583,1.4094214677810668,-5.5124444484710695
2.0,0.012878775470920522,5.38872766494751,4.019961333274841,1.6413844108581543,-5.800482940673828
2.0,0.0162697829805764,5.698170280456543,5.205947685241699,1.6395609617233275,-6.596033382415771
2.0,0.17459532298119282,3.8517526388168335,4.496190452575684,1.2478928327560426,-4.39506676197052
2.0,0.005875513954355613,6.008235740661621,4.242132520675659,1.8595394611358642,-6.322401523590088
2.0,0.013066823598507901,6.081505584716797,5.769324684143067,1.7453224420547486,-7.069984722137451
2.0,0.020851442531411836,4.912181615829468,3.2976505041122435,1.5232240676879882,-5.316209554672241
2.0,0.08263055096983599,3.839347410202026,3.283397746086121,0.9498205184936523,-4.787123727798462
2.0,0.0536314229976471,4.195861673355102,3.3703242540359497,1.2621646404266358,-4.695282506942749
2.0,0.0261442783395743,4.737163639068603,3.211033487319946,1.5219415426254272,-4.992639827728271
2.0,0.34482137751637465,3.531093955039978,4.931583118438721,0.3879741668701172,-5.798022127151489
2.0,0.039783889055873975,4.372486352920532,3.226938533782959,1.2401438236236573,-4.908168840408325
2.0,0.15010052875933755,3.531123900413513,3.5361801624298095,1.0395894765853881,-4.216659879684448
2.0,0.06285763913915023,4.267951536178589,3.921784281730652,1.1004847764968873,-5.197834444046021
2.0,0.017106965032132472,5.0644615650177,3.4947109699249266,1.4896393775939942,-5.438187932968139
2.0,0.014101325744487744,5.269121313095093,3.7270323753356935,1.6469676733016967,-5.67939248085022
2.0,0.010830451222379576,5.591119956970215,4.209080219268799,1.887125062942505,-5.703564929962158
2.0,0.015806068059161602,5.257239484786988,3.961292862892151,1.698421335220337,-5.394132947921753
2.0,0.005310514539438182,6.070260143280029,4.152813029289246,1.8486332178115845,-6.421368598937988
2.0,0.014478055449635685,5.25273323059082,3.593550753593445,1.6908975124359131,-5.582618618011475
2.0,0.0823127466186477,3.981538939476013,3.6209539413452148,1.2055384397506714,-4.482040596008301
2.0,0.08108746084689387,4.56845178604126,4.960801219940185,1.0459643125534057,-5.956923770904541
2.0,0.07618278815644122,3.9194323778152467,3.3851179599761965,0.9393464088439941,-4.939740610122681
2.0,0.3144489058553747,2.9969990968704225,3.6565965890884398,0.2024094820022583,-4.984552621841431
2.0,0.11673518892616225,4.250345516204834,4.793180894851685,0.9153818130493164,-5.717274570465088
2.0,0.037648545951663184,4.375843238830567,3.066211152076721,1.2260799884796143,-4.925615978240967
2.0,0.04411926444714877,4.556675672531128,4.021092271804809,1.2232612371444702,-5.493928384780884
2.0,0.02221024527817734,4.866196393966675,3.5684540987014772,1.370258355140686,-5.538968229293824
2.0,0.6908090453126866,2.310509181022644,4.305333232879638,-0.32097935676574707,-5.219565534591675
2.0,0.06854863689920843,4.064574980735779,3.461229610443115,1.3006469488143921,-4.596512699127198
2.0,0.0359996198108128,5.278449869155883,5.3514820575714115,2.0293389797210692,-5.0667534351348875
2.0,0.016552393748396295,5.253076124191284,4.192980074882508,1.4923990726470948,-5.936937475204468
3.0,0.032175658279954396,4.61575083732605,3.4111207246780397,1.5610602855682374,-5.283583498001098
3.0,0.03939318147062686,4.989412307739258,4.81173095703125,2.0519479274749757,-5.53394660949707
3.0,0.009431133919827686,5.91116771697998,4.8801917552948,2.009680414199829,-6.3851292610168455
3.0,0.03505071238158598,4.84488878250122,4.269870615005493,1.8323842525482177,-5.458676147460937
3.0,0.02195890496336357,5.306448030471802,4.72916259765625,1.7211833238601684,-5.994157838821411
3.0,0.03666507078679139,4.580269289016724,3.705574870109558,1.5061379671096802,-5.253775548934937
3.0,0.0363386457319879,4.496101713180542,3.208086609840393,1.5453822374343873,-5.111511468887329
3.0,0.023862411622984234,5.272871685028076,4.751470136642456,1.9832548141479491,-5.741156768798828
3.0,0.14739110425329904,4.149199795722962,4.876505374908447,1.6691051244735717,-4.727550315856933
3.0,0.04339235844141577,4.436732769012451,3.5737335205078127,1.5148515939712524,-4.971309566497803
3.0,0.018462220526596962,5.328516054153442,4.4356454372406,2.0235076189041137,-5.667175149917602
3.0,0.0184037286075617,5.405198669433593,4.708789348602295,1.773398518562317,-5.97724084854126
3.0,0.46063555222932506,2.502239537239075,3.3448694467544557,-0.0743032693862915,-4.839732885360718
3.0,0.23167312497022496,3.892158555984497,5.030776309967041,0.8241445302963257,-5.701605987548828
3.0,0.2040673545661294,4.116212916374207,5.294664287567139,0.951242208480835,-5.768936061859131
3.0,0.030272821881449283,4.926987934112549,4.2778221607208256,1.8113276004791259,-5.4515176773071286
3.0,0.016972461608403454,5.958740711212158,5.832874155044555,1.9272994518280029,-6.6920572280883786
3.0,0.04869315525713009,4.96238751411438,5.062041902542115,2.0871113300323487,-5.3351856708526615
3.0,0.38741677992407647,2.274607813358307,2.4070103406906127,-0.17867945432662963,-4.566135215759277
3.0,0.04549693121608127,4.575242900848389,4.044045639038086,1.68330717086792,-5.18267297744751
3.0,0.03137157481015509,5.174523782730103,4.894759654998779,2.0702197551727295,-5.576801919937134
3.0,0.018124417318132226,5.542059707641601,4.945783615112305,2.2311501502990723,-5.871012496948242
3.0,0.04627626283571091,4.472448492050171,3.7959677457809446,1.6264766693115233,-5.107111406326294
3.0,0.07389160631881853,4.337903165817261,4.257094168663025,1.651752758026123,-4.9321510791778564
3.0,0.05091248607779699,4.458632946014404,3.932558226585388,1.6803020715713501,-5.049277591705322
3.0,0.05373009683937913,5.13968563079834,5.576150417327881,1.4049845218658448,-6.360893630981446
3.0,0.02218700772184339,4.953403663635254,3.48366265296936,1.776778507232666,-5.352604770660401
3.0,0.020011225137772617,5.269785213470459,4.36611123085022,2.015176510810852,-5.661749649047851
3.0,0.03580760815927625,5.214107942581177,5.192824649810791,2.1070659875869753,-5.645652818679809
3.0,0.035114651206147894,4.576741790771484,3.3437200784683228,1.678340983390808,-4.9537866592407225
3.0,0.5853208421338432,2.225020694732666,3.3625356912612916,-0.3223759174346924,-4.980967950820923
3.0,0.01712958517830356,5.286478519439697,4.252893781661987,1.789098358154297,-5.642907238006591
3.0,0.020445387843944937,5.256299734115601,4.518237638473511,1.7235199213027954,-5.860217046737671
3.0,0.09815480968458626,4.27904200553894,4.600836181640625,1.1783507585525512,-5.381670618057251
3.0,0.32718824230684607,3.1557838201522825,3.9959117650985716,0.9958588719367981,-4.248951482772827
3.0,0.07304264259795211,4.021627140045166,3.539392328262329,1.1302481889724731,-4.992090272903442
3.0,0.11826373232891556,3.815696620941162,3.8428163051605226,0.8720227241516113,-5.179598236083985
3.0,0.0483585609682978,4.349347257614136,3.594752550125122,1.349007797241211,-5.162183046340942
3.0,0.02653423481910273,5.214626407623291,4.712439966201782,2.1105459690093995,-5.341653347015381
3.0,0.052041363742911004,4.4626829624176025,4.056022691726684,1.3226469039916993,-5.385212659835815
3.0,0.009665474133700403,5.741621398925782,4.373037958145142,2.1045491695404053,-6.128538990020752
3.0,0.009168190696691765,6.336250257492066,5.768549299240112,2.594087553024292,-6.498701810836792
3.0,0.32994411694229675,3.783798861503601,5.359150981903076,1.4251752138137816,-4.732855129241943
3.0,0.007921963406093094,6.026688575744629,4.891088390350342,2.130723476409912,-6.319556427001953
3.0,0.045837453461056644,4.488205528259277,3.888564109802246,1.4377742528915405,-5.178339290618896
3.0,0.025481960042719173,4.839158535003662,3.388944387435913,1.7665276527404785,-5.148381614685059
3.0,0.021705035144618152,5.01739912033081,3.8879740953445436,1.6647522926330567,-5.598131084442139
3.0,0.0667017530111968,3.994930934906006,3.1507985830307006,1.296399760246277,-4.768499898910522
3.0,0.01564996126448554,5.332363510131836,3.998961663246155,2.0437416076660155,-5.5970282554626465
3.0,0.024134518366972772,5.239824056625366,4.659735774993896,2.1126495361328126,-5.567196798324585
3.0,0.05471249264529742,4.094985842704773,2.9016178369522097,1.272672748565674,-4.790818119049073
3.0,0.03931025498148013,4.596550989151001,3.8797767400741576,1.516659140586853,-5.179529619216919
3.0,0.16636032501886452,3.5920788764953615,3.914227080345154,0.6162199020385742,-5.293461275100708
3.0,0.018622889294759484,5.1059181690216064,3.7990967988967896,1.7132568836212159,-5.634927606582641
3.0,0.01839490615140997,5.1228522777557375,3.721456265449524,1.8118898153305054,-5.467212915420532
3.0,0.3646310194680301,2.6858769416809083,3.2534909725189207,0.09890336990356445,-4.849291753768921
3.0,0.009228291558329164,6.021597242355346,5.073771047592163,2.377420926094055,-6.2090113162994385
3.0,0.051804831422005815,5.067780160903931,5.377895450592041,2.0813574314117433,-5.395763826370239
3.0,0.127986249972725,3.918865442276001,4.212968730926514,0.999272632598877,-5.392871618270874
3.0,0.034706646265402145,4.674467945098877,3.878418493270874,1.5228747844696044,-5.382517528533936
3.0,0.22819862615242023,3.2255515336990355,3.531020760536194,1.0239609003067016,-4.299789357185364
3.0,0.010174775487944822,5.774914646148682,4.61222472190857,2.0065820932388307,-6.104895782470703
3.0,0.053168169773700674,4.175907039642334,3.0525585651397704,1.453610348701477,-4.7962287902832035
3.0,0.07902614849430027,3.827086615562439,2.882023572921753,1.2927560329437255,-4.577456378936768
3.0,0.006449943190752439,6.293765926361084,5.253592157363892,2.2357579946517943,-6.612914657592773
3.0,0.06126488375375205,4.363813591003418,4.089656686782837,1.198780107498169,-5.33438549041748
3.0,0.005134912590235404,6.227041244506836,4.367736673355102,2.2745779752731323,-6.387839603424072
3.0,0.07695413863744187,3.969751787185669,3.4503496408462526,1.2046411275863647,-4.927931785583496
3.0,0.054035613643035385,4.200121521949768,3.2801940202713014,1.4152618885040282,-4.878401231765747
3.0,0.007714788657917226,5.982408094406128,4.494206237792969,2.28790545463562,-5.983696603775025
3.0,0.007196995508518874,5.929947137832642,4.180530118942261,2.1087098360061645,-6.266962385177612
3.0,0.011401264226389977,5.606472539901733,4.2731269836425785,2.0307326555252074,-5.824315118789673
3.0,0.01869100971821825,5.167491292953491,3.9788501977920534,1.8315189361572266,-5.716185522079468
3.0,0.038274293316812716,4.581689119338989,3.734023427963257,1.6261566400527954,-5.110493803024292
3.0,0.2590705386636138,2.4447559356689452,1.498921513557434,0.21084601879119874,-4.231290102005005
3.0,0.030015420425272894,4.692248344421387,3.3147349119186402,1.6754292011260987,-5.186790943145752
3.0,0.060136467169612455,4.505484533309937,4.355244255065918,1.6192623376846313,-5.225577878952026
3.0,0.15502350112251662,3.8772668123245237,4.401122426986694,0.8164224863052368,-5.514478445053101
3.0,0.040118804791079675,4.659021949768066,4.098876905441284,1.5836785554885864,-5.102092170715332
3.0,0.02560122909769083,4.885950040817261,3.645476293563843,1.854905128479004,-5.2618852138519285
3.0,0.04892499037182446,4.622574329376221,4.270284128189087,1.8206508159637451,-5.025592708587647
3.0,0.007552716352798052,6.051731443405151,4.73905725479126,2.389905071258545,-6.289697313308716
3.0,0.01253488089913409,5.524654579162598,4.3544834613800045,1.7656678438186646,-6.094017410278321
3.0,0.022840263316959483,5.473437833786011,5.181528091430664,1.7724289894104004,-6.211425352096557
3.0,0.017075655956522707,5.526579999923706,4.8887745380401615,1.7761200189590454,-6.181847810745239
3.0,0.03272940510048817,4.736825704574585,3.7855298280715943,1.8026686429977417,-5.123560571670533
3.0,0.47710176394624126,1.9415870428085327,2.0904013752937316,-0.43329710960388185,-4.520363712310791
3.0,0.15792814722804577,3.5259392499923705,3.6667166471481325,0.7100918769836426,-5.024492692947388
3.0,0.41091968296333115,3.0036021947860716,4.1551933765411375,0.40907022953033445,-5.041103792190552
3.0,0.011057374698050348,5.739258432388306,4.701043558120728,2.012217807769775,-6.018504285812378
3.0,0.061398838339635414,4.161067867279053,3.486572098731995,1.4089414596557617,-4.824468612670898
3.0,0.012667238973830004,5.4878767967224125,4.057352924346924,2.0108742475509644,-5.798027801513672
3.0,0.014134187456787062,5.355432653427124,3.8024683237075805,1.9053285121917725,-5.639822340011596
3.0,0.007442121442485202,5.981777191162109,4.600773811340332,2.1147629022598267,-6.198932075500489
3.0,0.1549626699250546,4.512055540084839,5.678817081451416,1.0108878374099732,-6.335660696029663
3.0,0.028760241253296976,5.1235494136810305,4.620728635787964,1.9867971420288086,-5.666075277328491
3.0,0.058940481969549166,4.346297645568848,3.968546652793884,1.3228582620620728,-5.196454620361328
3.0,0.019597557208698702,5.108047437667847,3.8030057907104493,1.8940728902816772,-5.432519102096558
3.0,0.04704573929033556,4.580257368087769,4.091611385345459,1.7846528053283692,-5.078902959823608
3.0,0.009549209316932178,5.691745471954346,4.178860330581665,1.9549263000488282,-6.1516602516174315
3.0,0.019391946511693157,5.192919015884399,4.06996784210205,2.00026912689209,-5.491900682449341
3.0,0.22828838302456114,2.649013710021973,1.923170018196106,0.39101147651672363,-4.216941785812378
3.0,0.009847447887882992,5.844206666946411,4.802777624130249,1.9477546453475951,-6.348459482192993
3.0,0.419734755271824,3.8534196615219116,5.937964820861817,1.6198526859283446,-4.674861669540405
3.0,0.028897164689916453,4.888294792175293,4.039261531829834,1.842400598526001,-5.309771919250489
3.0,0.2979184623225438,3.4110995292663575,4.436566925048828,0.5328199386596679,-5.331293392181396
3.0,0.013210871335492728,5.426047325134277,4.06377146244049,1.8797293186187745,-5.731460762023926
3.0,0.04134141893650448,4.992507791519165,4.905946111679077,1.927378034591675,-5.552707624435425
3.0,0.08953968831494584,4.783493566513061,5.507738018035889,1.2724456071853638,-6.247184801101684
3.0,0.06313749812319554,4.337694978713989,4.0586882591247555,1.3149837970733642,-5.254391241073608
3.0,0.026965234979374038,4.7560282230377195,3.304322361946106,1.6149271488189698,-5.222181272506714
3.0,0.012644203472507748,5.736390495300293,4.830171966552735,2.2667041301727293,-5.897238063812256
3.0,0.26841088603144625,3.9694278955459597,5.392279577255249,1.5510185956954956,-4.744917869567871
3.0,0.4010730649121099,2.8007622718811036,3.7015017747879027,0.12137103080749512,-5.000807189941407
3.0,0.07759252409752246,4.727485322952271,5.19285020828247,1.969929575920105,-5.222634553909302
3.0,0.21890509602065417,3.6639097690582276,4.448896360397339,1.3893373131752014,-4.428179144859314
3.0,0.4730506058241132,1.6684445858001709,0.9071390569210053,-0.49419350624084474,-4.077898859977722
3.0,0.010166279174199717,5.7018664360046385,4.366323804855346,2.01981463432312,-5.9353009223937985
3.0,0.016772026840249737,5.316070938110352,4.163738369941711,2.0263567924499513,-5.70245590209961
3.0,0.08691336762080819,4.562095594406128,4.988181447982788,1.8471140146255494,-5.175878572463989
3.0,0.03920964411501142,4.532071924209594,3.6963552474975585,1.46523015499115,-5.25730299949646
3.0,0.035577967789404176,4.798058128356933,4.15781614780426,1.9065433740615845,-5.076099014282226
3.0,0.1444133832886101,4.597170686721801,5.787582635879517,1.0887316465377808,-6.316322183609008
3.0,0.021887135134791656,5.00786862373352,3.8051563501358032,1.760051417350769,-5.324082231521606
3.0,0.013788556872764271,5.4953337669372555,4.241573667526245,2.136136054992676,-5.7303321838378904
3.0,0.2878410281807101,3.2367414236068726,3.977505087852478,1.0440707087516785,-4.357143926620483
3.0,0.019466888573089182,5.149544286727905,3.9979889154434205,1.8319245815277099,-5.597477102279663
3.0,0.048633319074115916,4.993610525131226,5.086699914932251,2.0437509775161744,-5.383677244186401
3.0,0.015400689410475472,5.385174989700317,4.235719442367554,2.0080703020095827,-5.743092012405396
3.0,0.042486507333779136,4.424523210525512,3.5061338901519776,1.4192994117736817,-5.108180284500122
3.0,0.015546434667999416,5.320087337493897,3.828022861480713,2.0506630182266234,-5.557183647155762
3.0,0.054501901714079745,4.260541486740112,3.6268811941146852,1.219590711593628,-5.14210877418518
3.0,0.034773279639185216,4.600459957122803,3.3393996477127077,1.751629114151001,-4.984028625488281
3.0,0.023998470250973642,4.991991758346558,3.921249580383301,1.9382166624069215,-5.285485029220581
3.0,0.07381564733681766,4.29010853767395,4.164786362648011,1.594083023071289,-4.999041128158569
3.0,0.03699594599321246,5.311898803710937,5.44517707824707,1.6321157693862915,-6.27499475479126
3.0,0.07262799466200562,4.267276573181152,4.078128290176392,1.611615824699402,-4.873597621917725
3.0,0.0143980087523305,5.311940336227417,3.7641794204711916,1.785296583175659,-5.8042640209198
3.0,0.06192403044147361,4.714468002319336,4.893413496017456,1.3150432586669922,-5.8432456970214846
3.0,0.03856416226473106,4.533440208435058,3.5570663690567015,1.6294399738311767,-5.126789665222168
3.0,0.050028909847490095,4.818252038955689,4.807674217224121,1.4618999004364013,-5.74131407737732
3.0,0.1443903803409796,4.408835744857788,5.357269763946533,1.6987648248672484,-5.1336021900177
3.0,0.015169969167417672,5.401407766342163,4.245292592048645,2.022227740287781,-5.681072568893432
3.0,0.5786989908199247,2.671877956390381,4.284650087356567,-0.07896528244018555,-5.329164838790893
3.0,0.6887824741910199,3.6382341623306274,6.930481052398681,1.5232320547103881,-4.51480016708374
3.0,0.06665418699812439,3.998419976234436,3.274950075149536,1.0425546646118165,-5.074745559692383
2.0,0.7041623475852147,2.088551700115204,3.9589493751525877,-0.45531779527664185,-5.094518089294434
3.0,0.13437088590086183,3.6728937149047853,3.713917112350464,0.8427550792694092,-5.100499773025513
3.0,0.03945769304988914,4.632243347167969,3.9240286588668822,1.7116750001907348,-5.299103164672852
3.0,0.12583972051557302,3.3005759477615357,2.4441059589385987,0.8521755695343017,-4.533117866516113
3.0,0.08948992938038593,4.225150060653687,4.345272970199585,1.0909676790237426,-5.470214796066284
3.0,0.27783554048848,3.4219690561294556,4.318775010108948,1.218661117553711,-4.341816687583924
3.0,0.036679553084664654,4.519379425048828,3.4190287590026855,1.4938674449920655,-5.077317905426026
3.0,0.21642771862554033,2.6580305337905883,1.6248183369636535,0.3871863126754761,-4.27036771774292
3.0,0.08667600254080224,4.237901902198791,4.327645874023437,1.1580434560775756,-5.296415519714356
3.0,0.03987067245546046,4.734158849716186,4.209454345703125,1.8392388105392456,-5.143904542922973
3.0,0.09906007689921803,4.502230882644653,5.055826807022095,1.2932450771331787,-5.717355966567993
3.0,0.013545604566785998,5.399339103698731,3.8557217359542846,1.968748641014099,-5.663575744628906
3.0,0.06182894490281512,4.72431435585022,4.907849597930908,1.361880898475647,-5.724293565750122
3.0,0.6942867380035143,1.9754488945007325,3.601550006866455,-0.5128830432891845,-5.035175848007202
3.0,0.46494894522206787,2.5336273670196534,3.3618792295455933,0.5435452103614807,-3.9562546730041506
3.0,0.055623342858117264,4.111347270011902,2.8651068449020385,1.394613265991211,-4.771840381622314
3.0,0.03049674888318452,4.776187610626221,3.8075093030929565,1.7586731672286988,-5.173086643218994
3.0,0.015214374707005937,5.502754354476929,4.5532327651977536,2.1503706216812133,-5.812605714797973
3.0,0.014947576352124367,5.469843244552612,4.521250152587891,1.8507010459899902,-5.8489597797393795
3.0,0.07171455268543253,3.9099335432052613,3.143160843849182,1.0627681493759156,-4.995564031600952
3.0,0.051925454864580424,5.274637937545776,5.7928821563720705,2.225286865234375,-5.721468305587768
3.0,0.033661243890048625,5.054979228973389,4.729877901077271,2.074873375892639,-5.39163646697998
3.0,0.011753320343990709,5.548402166366577,4.11047899723053,2.0084331035614014,-5.881617879867553
3.0,0.310492907628017,3.0106529235839843,3.620730400085449,0.9355385184288025,-4.172711110115051
3.0,0.013205350195764248,5.759153127670288,5.006062173843384,2.2424490451812744,-6.044136571884155
3.0,0.07232760132785732,4.385743427276611,4.325399112701416,1.681649374961853,-4.943807888031006
3.0,0.0286198832915007,4.861542654037476,3.9109362363815308,1.8194770812988281,-5.230412912368775
3.0,0.12403828245362783,3.3557390928268434,2.7115463256835937,0.7946664571762085,-4.644956970214844
3.0,0.013277292892979273,5.383769226074219,3.7551505088806154,1.8881092309951781,-5.78588752746582
3.0,0.02175718970027313,5.052353048324585,3.8435941457748415,1.9248136758804322,-5.447939920425415
3.0,0.014596324813861044,5.424268436431885,4.2785077571868895,1.9585458040237427,-5.9139410018920895
3.0,0.033512059597237215,4.755872440338135,4.060605573654175,1.5010783910751342,-5.4300737380981445
3.0,0.023623333665637732,5.0244251728057865,4.010225248336792,1.8963499069213867,-5.395939683914184
3.0,0.05182525334027478,4.933865737915039,5.115140724182129,1.5179499626159667,-5.906112766265869
3.0,0.1062162094183343,4.471082544326782,5.093400955200195,1.790218448638916,-5.143183660507202
3.0,0.014318013130514997,5.472865867614746,4.4419361591339115,1.8436250925064086,-5.96982774734497
3.0,0.18625505921568328,3.59768660068512,4.038693881034851,1.3193270444869996,-4.397368383407593
3.0,0.008246656523193669,5.817862129211425,4.228803062438965,2.0427366971969603,-6.10756549835205
3.0,0.17605304502910502,3.811672234535217,4.400741052627564,1.3879664421081543,-4.607622051239014
3.0,0.0264072883427685,5.070126390457153,4.39547119140625,1.9129299640655517,-5.455509805679322
3.0,0.07763548945379038,3.813246750831604,2.9824957132339476,1.1104455709457397,-4.778475666046143
3.0,0.032845981509488864,4.766887140274048,3.9740538120269777,1.7292011976242065,-5.305759859085083
3.0,0.051737034673628494,4.318179559707642,3.5308552742004395,1.6119580030441285,-4.898578691482544
3.0,0.03054587842667306,4.63883638381958,3.3580058097839354,1.4988247394561767,-5.300177478790284
3.0,0.04429411282622302,5.294121742248535,5.587084531784058,2.2355791568756103,-5.693138217926025
3.0,0.013612655693966552,5.920652770996094,5.441035890579224,1.897783374786377,-6.661008644104004
3.0,0.025937487114058817,4.842785978317261,3.5119126796722413,1.7925899982452393,-5.226461744308471
3.0,0.014788767588223199,6.09620156288147,5.938234043121338,2.058869194984436,-6.689004945755005
3.0,0.007927824587876818,5.896587324142456,4.2496707201004025,2.1915146350860595,-6.045154809951782
3.0,0.010532608659378453,6.178280067443848,5.6878636360168455,1.9820706844329834,-6.722454643249511
3.0,0.03885387275236276,4.488376331329346,3.304873728752136,1.67835214138031,-4.9423857688903805
3.0,0.03646038371306564,4.598582029342651,3.675408124923706,1.608733606338501,-5.05714898109436
3.0,0.06074670376619616,4.385183811187744,4.029611754417419,1.7149521112442017,-4.811086559295655
3.0,0.02945635761159391,4.840177059173584,4.022851586341858,1.5937936067581178,-5.476117992401123
