0,1,2
-0.29651089253588714,0.3606525369999301,-1.0
-0.6393057347795406,0.28249283547340637,-1.0
-0.41737401552357123,0.07429220987442794,-1.0
-0.27732625494682445,0.33532578879024877,-1.0
-0.504384852177348,0.422064581300966,-1.0
-0.3223476919983074,0.11520091587777398,-1.0
-0.6065387024589217,0.39924025137251307,-1.0
-0.3746365874796417,0.27793036754425343,-1.0
-0.5826525024373683,0.3155573447091141,-1.0
-0.5484701239061684,0.5630915881026685,-1.0
-0.7304697135820303,0.6583158677992302,-1.0
-0.41161174911864096,0.5494799458130109,-1.0
-0.41172876366859956,0.34845583752653764,-1.0
-0.5747634294028225,0.3057434072881748,-1.0
-0.5978547749520098,0.5542014544715358,-1.0
-0.6653418509917784,0.397088175843054,-1.0
-0.6646271152385632,0.32109087398726,-1.0
-0.6620907610491459,0.4621781179858314,-1.0
-0.7331278329680521,0.5040497811591078,-1.0
-0.29086428806432774,0.5900754509136507,-1.0
-0.5857431806269595,0.313901571167557,-1.0
-0.6741800019280889,0.7511375281598438,-1.0
-0.5471015022048495,0.35637534989311237,-1.0
-0.5247889236846204,0.8202457771293481,-1.0
-0.5360571148218183,0.568919160827888,-1.0
-0.507389761675678,0.4046300281830612,-1.0
-0.7371422590044049,0.4051226863266508,-1.0
-0.5884598270236477,0.5637369100969749,-1.0
-0.4215821515238069,0.6221143050087095,-1.0
-0.5097121475611031,0.6143255008727415,-1.0
-0.6753329375852163,0.676642654076418,-1.0
-0.4735071695898198,0.41380779010654634,-1.0
-0.4773948022756909,0.45151751279924,-1.0
-0.37497739767386923,0.7218813257694606,-1.0
-0.20713331565879592,0.22766594875353524,-1.0
-0.7851722690320401,0.3788346173199067,-1.0
-0.5297064044310589,0.6128050123990064,-1.0
-0.5049269731424018,0.12163036298890961,-1.0
-0.6039567028353132,0.6046377298464715,-1.0
-0.518549509854876,0.5934591781308735,-1.0
-0.5905992175832178,0.43030270531457054,-1.0
-0.5254823262340476,0.5338140699800955,-1.0
-0.5236129619184478,0.4844922313528136,-1.0
-0.6619977820441599,0.5283084882470918,-1.0
-0.5357923855859335,0.6557332423872748,-1.0
-0.3642615023234585,0.4957020172074098,-1.0
-0.6149580504594628,0.35608136723072703,-1.0
-0.48775003732496097,0.47743083202912373,-1.0
-0.6099525252022887,0.4717125112824817,-1.0
-0.6539297945672713,0.5826169001473344,-1.0
-0.6263993627647947,0.6718365273093629,-1.0
-0.49093552957839814,0.5649156010930075,-1.0
-0.7295608038330396,0.4930288661246208,-1.0
-0.43725694218095784,0.30270468741521006,-1.0
-0.5975888903175657,0.46985138517425507,-1.0
-0.7738658646564234,0.5177330768837203,-1.0
-0.4204391554103998,0.31866576748744246,-1.0
-0.49936728610414666,0.2419371603622451,-1.0
-0.5613551669262973,0.19050616005389492,-1.0
-0.3766036383852251,0.5336189963124433,-1.0
-0.5591131148409834,0.33296094112344515,-1.0
-0.35234331712439737,0.7976808302117637,-1.0
-0.8510820055682797,0.6738118760028452,-1.0
-0.2959844992919456,0.5216057612326757,-1.0
-0.7461798412641487,0.6106318500038816,-1.0
-0.5840048941012519,0.36198043481464404,-1.0
-0.7510832580761158,0.55762161844888,-1.0
-0.42893590604428133,0.35865719297045945,-1.0
-0.4722894387521908,0.27039759146325826,-1.0
-0.42749400281099326,0.4722158995792063,-1.0
-0.5849045892091473,0.4470818875986706,-1.0
-0.4168200494998446,0.5914934525874836,-1.0
-0.4708738407206672,0.4876599819259878,-1.0
-0.5427995410662643,0.5691186478970227,-1.0
-0.5181673306750836,0.5799934630836907,-1.0
-0.604579821807048,0.0517025751768516,-1.0
-0.3897568396588284,0.8349426167410123,-1.0
-0.48490417167899735,0.4473514465704045,-1.0
-0.5769220273319562,0.4441487198971694,-1.0
-0.5524202896034429,0.2741805193198672,-1.0
-0.6375416422486254,0.2953623733618248,-1.0
-0.5155707736020938,0.4140538006998052,-1.0
-0.4763288935831021,0.4347181216627015,-1.0
-0.3981159371412801,0.5005110305574488,-1.0
-0.20631725185690877,0.14295599044249555,-1.0
-0.658216223945569,0.6170955428393998,-1.0
-0.15254929667851194,0.42218923997317204,-1.0
-0.5482383715182554,0.42597180760064235,-1.0
-0.34315422980815435,0.41563547408318047,-1.0
-0.44688961743216454,0.410128896817278,-1.0
-0.7578516099168767,0.517459953650555,-1.0
-0.4750590913406738,0.6834819091130394,-1.0
-0.572781812419902,0.35970257095902763,-1.0
-0.4655713885743116,0.5051210413990503,-1.0
-0.5104960304205136,0.4519342308031107,-1.0
-0.37040537377323246,0.5269407178232353,-1.0
-0.25187014703072164,0.6526104603873392,-1.0
-0.45023712279576106,0.18852917427564936,-1.0
-0.4592716285247714,0.5355477995365986,-1.0
-0.4260462908271053,0.6413215624387314,-1.0
-0.6190338513837548,0.6039651159439583,-1.0
-0.6447416260612672,0.7956093353272377,-1.0
-0.7673101101531713,0.16594781754990198,-1.0
-0.8180751301838813,0.3134056091189037,-1.0
-0.7334152926121662,0.7958128347373226,-1.0
-0.6071888201000494,0.2367866913150396,-1.0
-0.3777239405848217,0.364928578841402,-1.0
-0.7521654206783661,0.6127490897881022,-1.0
-0.45592048383091344,0.39061404696480867,-1.0
-0.3310378004995578,0.4862026385945504,-1.0
-0.29768869038528184,0.5495217264393701,-1.0
-0.30694830700966746,0.48286435133851324,-1.0
-0.7494407640860279,0.8794085821008653,-1.0
-0.6421089725679391,0.43062811459098144,-1.0
-0.6667333645394321,0.4298559290306572,-1.0
-0.516546950046749,0.49852764972436503,-1.0
-0.4499233160820458,0.7680338810633385,-1.0
-0.5743771367310435,0.2553525275137505,-1.0
-0.7434805176441301,0.35150170435345196,-1.0
-0.8218135217589174,0.6041386838437072,-1.0
-0.6345348028923299,0.4116230125877039,-1.0
-0.5554940147245401,0.22764491989217825,-1.0
-0.6923600183782243,0.5786648712522983,-1.0
-0.45668856841852495,0.3892218433329328,-1.0
-0.2668596451168236,0.24304826104174976,-1.0
-0.6101330440032738,0.42520488996199457,-1.0
-1.0,0.792669228653628,-1.0
-0.4968533122835856,0.2873021464726695,-1.0
-0.22853723370179818,0.563574021081785,-1.0
-0.4867894572205937,0.36145885795278915,-1.0
-0.5382765012306006,0.20577368052965858,-1.0
-0.4285824872120613,0.40086984069409687,-1.0
-0.5338452108161975,0.6680315381002196,-1.0
-0.5098457949860229,0.5088035933585383,-1.0
-0.5111594422224415,0.34005986658630416,-1.0
-0.42205651759652135,0.7258709398087962,-1.0
-0.4343507006117237,0.6142861255241716,-1.0
-0.6949025179598715,0.3172640679581617,-1.0
-0.7846566426213963,0.6731491020534862,-1.0
-0.5956717008469977,0.7015500252410174,-1.0
-0.6797145839249464,0.39018151939370727,-1.0
-0.53999605746137,0.6204786188462975,-1.0
-0.54551813848758,0.5001027626182314,-1.0
-0.5525607254412437,0.49435159546261553,-1.0
-0.7329940077617714,0.47803871142638016,-1.0
-0.5849060577774134,0.4546945277201644,-1.0
-0.476786709063368,0.3489726604925286,-1.0
-0.5686509486006455,0.41393166153672023,-1.0
-0.48873618759222764,0.5973161303196591,-1.0
-0.7073471447700163,0.5636161216311608,-1.0
-0.22621056667172415,0.21501353116896893,-1.0
-0.687400168328509,0.31509653633595613,-1.0
-0.5996399442332239,0.7393417730119355,-1.0
-0.5530663364011688,0.3465975201494272,-1.0
-0.4561687070909258,0.3626779724889392,-1.0
-0.3762860156049143,0.5160566614513243,-1.0
-0.3340254832439864,0.35224909519631403,-1.0
-0.07251965481469372,0.6040632377648434,-1.0
-0.4509489270047786,0.4556496426774271,-1.0
-0.6707463198465236,0.3172672107439034,-1.0
-0.5768475896383995,0.3292143627603587,-1.0
-0.5101758307130864,0.32432906225616376,-1.0
-0.4562834972167655,0.6263542757118714,-1.0
-0.6676000198464542,0.6664438477399462,-1.0
-0.5930857612289218,0.6601061345077797,-1.0
-0.48541347815594044,0.654520615150593,-1.0
-0.7139711996153449,0.44622640481703296,-1.0
-0.32404830342822266,0.359588218145602,-1.0
-0.8796232293321535,0.13512188105318354,-1.0
-0.9543510232071372,0.10604582830569237,-1.0
-0.6207475685319277,0.6809911345504358,-1.0
-0.6256191368098982,0.5191511602860793,-1.0
-0.5727092668976986,0.46577308851029176,-1.0
-0.5819789628594365,0.434806721004959,-1.0
-0.481751016684415,0.2650354759398304,-1.0
-0.39432699105969427,0.6202359208555173,-1.0
-0.5862562601640863,0.6008109853333177,-1.0
-0.6668840053648746,0.3732833984366271,-1.0
-0.5303073009643391,0.4320883740083272,-1.0
-0.626655675379392,0.3503673814503942,-1.0
-0.6439755061078318,0.6234813285878743,-1.0
-0.8646729033796982,0.52406007829384,-1.0
-0.5928460879978943,0.5876638404602327,-1.0
-0.4731657640540958,-0.007220129100469153,-1.0
-0.4620860544903214,0.5192777325806482,-1.0
-0.5517110677118506,0.384900145580096,-1.0
-0.41930518246775056,0.3943299870817849,-1.0
-0.26300847521743886,0.5599679335452803,-1.0
-0.2147372234052509,0.3312031777030657,-1.0
-0.8348292440824203,0.5854567342422751,-1.0
-0.41939709697502364,0.4703166620962777,-1.0
-0.8002502554352019,0.38842141325481383,-1.0
-0.4567767303889589,0.4331127439071291,-1.0
-0.5736637809513294,0.43459003789030715,-1.0
-0.7039215157741264,0.37399561203147635,-1.0
-0.7823760432829302,0.7639331031651825,-1.0
-0.6308973543671615,0.5452629319209704,-1.0
-0.7179312088523714,0.5989697079947407,-1.0
-0.8534993251205227,0.6203371232639218,-1.0
-0.560825239077329,0.8219997342409555,-1.0
0.2793083646667006,0.4547890309505196,-0.33333333333333337
0.005482638171949966,0.7422941593575999,-0.33333333333333337
0.06006828315743218,0.3216769335118396,-0.33333333333333337
0.4257636909842334,0.25329057746655365,-0.33333333333333337
0.1771962273067853,0.3102786207381574,-0.33333333333333337
0.43349902838051313,0.8527752272282177,-0.33333333333333337
0.35229358232770513,0.2748741909554989,-0.33333333333333337
0.43152497195612716,0.3632956467796117,-0.33333333333333337
0.34263171945427473,0.6634468705662866,-0.33333333333333337
0.22657760462451038,0.4658538060150417,-0.33333333333333337
0.20583697853419997,0.4378140907829206,-0.33333333333333337
0.38653792696170725,0.2967600899089555,-0.33333333333333337
0.2917198888138609,0.42429921590320097,-0.33333333333333337
0.244129824949181,0.263064653797387,-0.33333333333333337
0.11934517918267701,0.43831214651889056,-0.33333333333333337
0.30283017638598164,0.8424647197979149,-0.33333333333333337
-0.04206577058170338,0.4834276232272402,-0.33333333333333337
0.4046727183640624,0.694735791406312,-0.33333333333333337
0.4256005823929393,0.32125897350999805,-0.33333333333333337
0.3456798632625538,0.5562345536844361,-0.33333333333333337
0.29575118287373614,0.5949844649617841,-0.33333333333333337
0.04817923821667516,0.7577009500749156,-0.33333333333333337
0.5794104581062928,0.40743850170688883,-0.33333333333333337
0.44303617153922403,0.472453709842503,-0.33333333333333337
0.21363601344804573,0.479188217931987,-0.33333333333333337
0.5049895930420218,0.399742181511361,-0.33333333333333337
0.2858518201546126,0.45170408620675334,-0.33333333333333337
0.41471390661589147,0.6809659091287825,-0.33333333333333337
0.24460371531159086,0.5504801167310779,-0.33333333333333337
0.380095434476016,0.14935307688644478,-0.33333333333333337
0.2789008943669097,0.4418991102726792,-0.33333333333333337
0.3393766287121573,0.5195707711580924,-0.33333333333333337
0.02075071002975598,0.47216306432773175,-0.33333333333333337
0.23775642930433122,0.2203886307012772,-0.33333333333333337
0.42917409636407244,0.5889290851048794,-0.33333333333333337
0.24164623350946196,0.6070918725559951,-0.33333333333333337
0.28492065842537095,0.47559194846779207,-0.33333333333333337
0.17070081784742158,0.7328407205139058,-0.33333333333333337
-0.07784703754240561,0.4488262415091797,-0.33333333333333337
0.4563782021549042,0.11972127463977617,-0.33333333333333337
0.3155047569144427,0.45123841068460435,-0.33333333333333337
0.4770147494628958,0.6758537509576474,-0.33333333333333337
0.28135724677379315,0.22969575415119692,-0.33333333333333337
0.5634146732694619,0.6707143125417142,-0.33333333333333337
0.2721025637157884,0.5237879381822294,-0.33333333333333337
0.40649165813052124,0.5602886621602041,-0.33333333333333337
0.3781990452085273,0.7027112556872888,-0.33333333333333337
0.06890301633049417,0.6407084111817498,-0.33333333333333337
0.4062696173977811,0.4275273298458301,-0.33333333333333337
0.5325667389746813,0.06716371621224229,-0.33333333333333337
0.5306541090202074,0.5297513644509292,-0.33333333333333337
0.16522341759753378,0.537718716075443,-0.33333333333333337
0.2972516262798393,0.9024434292080723,-0.33333333333333337
0.6379605798068638,0.53900620170017,-0.33333333333333337
0.23113496535545075,0.36545550638898544,-0.33333333333333337
0.2939131751186426,0.3693837388873745,-0.33333333333333337
0.20199290139691223,0.3641747378582853,-0.33333333333333337
0.30169589167941496,0.3767301856463927,-0.33333333333333337
0.23442575239316676,0.3069089100616031,-0.33333333333333337
0.7518432893601175,0.21467183352906272,-0.33333333333333337
0.18301493251424233,0.537600623201048,-0.33333333333333337
0.2941472067106299,0.5361481328913821,-0.33333333333333337
0.47295013308442924,0.6782941845207784,-0.33333333333333337
0.46543097872176753,0.2959158223580132,-0.33333333333333337
0.5223127212150784,0.16523111818055877,-0.33333333333333337
0.32745637209649975,0.37990084012148095,-0.33333333333333337
0.1767428630395974,0.5645915820347615,-0.33333333333333337
0.3164941466816412,0.6371548446010401,-0.33333333333333337
0.10959121057594415,0.607745266682182,-0.33333333333333337
0.42497677902741904,0.4857624673474903,-0.33333333333333337
0.11972844961847687,0.42165722905930236,-0.33333333333333337
0.09936571243430045,0.11138603263740243,-0.33333333333333337
0.867987654858066,0.6288521366950154,-0.33333333333333337
0.6311541265407374,0.3916212440479456,-0.33333333333333337
0.45654993655643883,0.5825125495745533,-0.33333333333333337
0.44147151608861035,0.4649444930945242,-0.33333333333333337
0.3093291967304306,0.11359581142707995,-0.33333333333333337
0.44284559454339856,0.5360925807401858,-0.33333333333333337
0.5237051423286684,0.4178496761903473,-0.33333333333333337
0.623067152666867,0.3884882350690148,-0.33333333333333337
0.1457477380965727,0.6233110030887354,-0.33333333333333337
0.27109275445173003,0.2516921385574021,-0.33333333333333337
0.36555685084719247,0.592525584657072,-0.33333333333333337
0.38412829774220636,0.5486209761490762,-0.33333333333333337
1.0000000000000002,0.6034762509438394,-0.33333333333333337
0.5896157585545125,0.12779136750186412,-0.33333333333333337
0.4038141821354796,0.5955047750545756,-0.33333333333333337
0.28763391418827844,0.3158757608457316,-0.33333333333333337
0.40882533980981284,0.4110074352519603,-0.33333333333333337
0.25112094150456343,0.6591253818995122,-0.33333333333333337
0.55837124880961,0.5156096607893629,-0.33333333333333337
0.27334115300093437,0.5514925859526814,-0.33333333333333337
0.47777206526358706,0.5711931984251839,-0.33333333333333337
0.11422565299915399,0.40704187733917646,-0.33333333333333337
0.4028713748764253,0.5697694224543517,-0.33333333333333337
0.49868573094838586,0.5928421813847058,-0.33333333333333337
0.16503466943362877,0.3444406792262458,-0.33333333333333337
0.15116203060752376,0.7701214342500466,-0.33333333333333337
0.37440911454690995,0.5580667675469818,-0.33333333333333337
0.510191302862977,0.4085696697048584,-0.33333333333333337
0.16237761868500217,0.3920433575688783,-0.33333333333333337
0.32208542174346066,0.718766560889656,-0.33333333333333337
0.4841644442004087,0.2800996472911034,-0.33333333333333337
0.4514575719520718,0.5888621616449524,-0.33333333333333337
0.1766526131451635,0.4459344428217975,-0.33333333333333337
0.05099589546891717,0.5203307627273123,-0.33333333333333337
0.29540321291468585,0.23554513168299268,-0.33333333333333337
0.23449247181893185,0.5049878592399684,-0.33333333333333337
0.2576194428907967,0.5150838892095435,-0.33333333333333337
0.4336916689595133,0.32189797678033616,-0.33333333333333337
0.29594826283391584,0.8277739488789765,-0.33333333333333337
0.3649647378137055,0.3208158122576628,-0.33333333333333337
0.3553071360643223,0.2374792827544926,-0.33333333333333337
0.5260715374316138,0.5270783454784206,-0.33333333333333337
0.5185962531197124,0.6172128985569654,-0.33333333333333337
0.4078341954019403,0.6296398294130409,-0.33333333333333337
0.3761869896862933,0.3521025464761338,-0.33333333333333337
0.18268046068687627,0.38837402406754556,-0.33333333333333337
-0.05332345474120637,0.7737679683405574,-0.33333333333333337
0.07270790424014875,0.4513365485661947,-0.33333333333333337
0.13585174750868434,0.12105547123287433,-0.33333333333333337
0.33258048471023566,0.41269376426626064,-0.33333333333333337
0.3202417593030376,0.557352009161399,-0.33333333333333337
0.24720014783003397,0.5285170463288487,-0.33333333333333337
0.4274151490818655,0.407579702835904,-0.33333333333333337
0.3005269707035411,0.5555688395483084,-0.33333333333333337
0.3547956946088892,0.49128439413542424,-0.33333333333333337
-0.032452479410642734,0.4742414628924303,-0.33333333333333337
0.40564438063305663,0.4413651462293841,-0.33333333333333337
0.3991727336679741,0.7870509447755087,-0.33333333333333337
0.35927285218223715,0.5770757483431608,-0.33333333333333337
0.21031396150632148,0.319881539651813,-0.33333333333333337
0.2692392321745097,0.2915286716923196,-0.33333333333333337
0.3444678045030347,0.30607196300261047,-0.33333333333333337
0.31780953360086245,0.2207776554891069,-0.33333333333333337
0.08256042965500276,0.3498227606600232,-0.33333333333333337
0.17574465120951022,0.3536748276847826,-0.33333333333333337
0.24820037380737947,0.40479735625198615,-0.33333333333333337
0.5121738311887268,0.6963257470641173,-0.33333333333333337
0.4611930027820327,0.4034057033319999,-0.33333333333333337
0.5840723956874037,0.2048533470602428,-0.33333333333333337
0.0234514993978594,0.5097365248575089,-0.33333333333333337
0.3453269256331064,0.44071912247730716,-0.33333333333333337
0.35086445791728466,0.1863054635135961,-0.33333333333333337
0.16147047745586268,0.6734510241300768,-0.33333333333333337
0.5094198546956457,0.3419904004080742,-0.33333333333333337
0.6535393855987761,0.28286096546741035,-0.33333333333333337
0.25468406449834674,0.5138815723414447,-0.33333333333333337
0.1553709715872767,0.3816367885431936,-0.33333333333333337
0.3181162037109016,0.39732663554088377,-0.33333333333333337
0.48436232675255075,0.5647848198423291,-0.33333333333333337
0.17061189699394097,0.34882819030207146,-0.33333333333333337
0.37435447133739624,0.45298181079372485,-0.33333333333333337
0.22022681873838795,0.5363055605995589,-0.33333333333333337
0.4762474861254321,0.35737129436817194,-0.33333333333333337
0.4713384373910311,0.18950606632810313,-0.33333333333333337
0.08920144487877041,0.5490470326972784,-0.33333333333333337
0.21277924522282593,0.2953737513940849,-0.33333333333333337
0.30373296312623355,0.34953488862006554,-0.33333333333333337
0.39776472088764603,0.21769066409320004,-0.33333333333333337
0.28651276774269524,1.0000000000000002,-0.33333333333333337
0.3631883390992631,0.1400475681117265,-0.33333333333333337
0.44120152104041366,0.5574262191957788,-0.33333333333333337
0.5660496117100519,0.48946445955550366,-0.33333333333333337
0.24159986281471674,0.7030735299226913,-0.33333333333333337
0.4590762066110561,0.15916452807443232,-0.33333333333333337
0.46473569479600096,0.424856255078742,-0.33333333333333337
0.5225519190779687,0.40105616935564037,-0.33333333333333337
0.47087444118692434,0.49722929024828977,-0.33333333333333337
0.43903307914727263,0.46086938556883716,-0.33333333333333337
0.2796824897943178,0.47573165662668393,-0.33333333333333337
0.44629419270216764,0.5350920257897026,-0.33333333333333337
0.6029000005062285,0.5364500367828187,-0.33333333333333337
0.44686190325997655,0.8205803248382662,-0.33333333333333337
0.3562091400228215,0.5550831654083506,-0.33333333333333337
0.24962631862366985,0.47143471823949884,-0.33333333333333337
0.6071581664003731,0.5171464395590895,-0.33333333333333337
0.5767814916777436,0.2838554663605233,-0.33333333333333337
0.1225894453890371,0.5164393976925429,-0.33333333333333337
0.12755921956504127,0.916855204655767,-0.33333333333333337
0.5444977837381548,0.2532162723939555,-0.33333333333333337
0.31905617725811186,0.3666084948847281,-0.33333333333333337
0.4119310268906311,0.4545212011791372,-0.33333333333333337
0.4940841808365436,0.7131564320282197,-0.33333333333333337
0.31043228113206656,0.2655145642640564,-0.33333333333333337
0.43528505630074354,0.4364446567193478,-0.33333333333333337
0.5279999799863903,0.43854558717944336,-0.33333333333333337
0.4778247167426727,0.521276023988626,-0.33333333333333337
0.3155724734063207,0.3881784982480704,-0.33333333333333337
0.45930922885265246,0.8930279097224032,-0.33333333333333337
0.4790711499783602,0.44200866910429326,-0.33333333333333337
0.458364606584884,0.48365256758958364,-0.33333333333333337
0.14169188872484847,0.51683268559279,-0.33333333333333337
0.5922482710466855,0.41080227866589114,-0.33333333333333337
0.1663747361571396,0.5471078187948804,-0.33333333333333337
0.6372620855880037,0.6236520227800368,-0.33333333333333337
0.507912070669735,0.8544987412649996,-0.33333333333333337
0.6038422542837246,0.5850997843337175,-0.33333333333333337
0.31244162637698253,0.4876458792026829,-0.33333333333333337
0.3292191642287943,0.6080907524064744,-0.33333333333333337
0.6305227872343679,-0.42034556918393995,0.33333333333333326
0.3610458215250044,-0.8101173701159011,0.33333333333333326
0.3015034009247146,-0.5544385841178789,0.33333333333333326
0.33250147826202875,-0.600574244517859,0.33333333333333326
0.33870013316309916,-0.5751912066762853,0.33333333333333326
0.13644138441000708,-0.34440581531755254,0.33333333333333326
0.48603086480747626,-0.20460487774432995,0.33333333333333326
0.3536463171262174,-0.5628980523068289,0.33333333333333326
0.25882809237111787,-0.7563940999349655,0.33333333333333326
0.5021232852349441,-0.6809123858098405,0.33333333333333326
0.15695607544333562,-0.5291696927903009,0.33333333333333326
0.5823519161707232,-0.4542037510544008,0.33333333333333326
0.18263743766794238,-0.6151470373229083,0.33333333333333326
0.4452504551856,-0.5215205930157222,0.33333333333333326
0.2232388012840446,-0.5333014087384137,0.33333333333333326
0.4643307660745415,-0.1594358466228948,0.33333333333333326
0.1475479165720361,-0.6004753162002887,0.33333333333333326
0.2176761341704067,-0.9042709603521913,0.33333333333333326
0.19856164330408654,-0.6678310029864032,0.33333333333333326
0.5246751883604351,-0.5166740181556809,0.33333333333333326
0.08716520598696542,-0.3847296847784327,0.33333333333333326
0.2889411158402785,-0.7897218772138921,0.33333333333333326
0.25066005391254603,-0.59406569017889,0.33333333333333326
0.20650991735757251,-0.48928358969419516,0.33333333333333326
-0.012363521033514485,-0.5396955474602203,0.33333333333333326
0.5070308273842599,-0.3497989867605791,0.33333333333333326
0.5221605101404507,-0.3046206189386249,0.33333333333333326
0.5825740386012561,-0.6838327993521722,0.33333333333333326
0.48037982964569526,-0.8096762210480273,0.33333333333333326
0.24966703773278143,-0.8187566253831354,0.33333333333333326
0.5125989610332276,-0.26829610267045767,0.33333333333333326
0.31423942570226343,-0.1935774038754335,0.33333333333333326
0.2382259178674226,-0.46879465612375054,0.33333333333333326
0.3700353731352934,-0.6746637820216869,0.33333333333333326
0.4154226273186491,-0.16572850585374294,0.33333333333333326
0.1824549759646033,-0.3419119453516188,0.33333333333333326
0.32107262659410474,-0.19442773724553333,0.33333333333333326
0.42272306207657584,-0.37972350410045436,0.33333333333333326
0.44810400079685064,-0.45210738447702986,0.33333333333333326
0.1233987615983341,-0.2584797805326037,0.33333333333333326
0.1273951348245805,-0.4538907603788089,0.33333333333333326
0.4434719368690706,-0.6363165494228783,0.33333333333333326
0.3687800630444512,-0.29640294530760264,0.33333333333333326
0.3418395991659818,-0.6449161166627444,0.33333333333333326
-0.11866172149713781,-0.6590128056788555,0.33333333333333326
0.2515472370475345,-0.5818341542327037,0.33333333333333326
0.19279602187393957,-0.43038042224806,0.33333333333333326
0.2541542595573329,-0.5128678331424698,0.33333333333333326
0.4538225089260234,-0.6392864201506396,0.33333333333333326
0.2978695859940611,-0.12858653437588952,0.33333333333333326
0.48491094670367696,-0.7135293015314087,0.33333333333333326
0.3329793238310565,-0.398658068697027,0.33333333333333326
0.5421122924334061,-0.46907096516254293,0.33333333333333326
0.26118150210767915,-0.6181183565806615,0.33333333333333326
0.4484063751967573,-0.441266034986768,0.33333333333333326
0.2634005685947572,-0.5263602490717907,0.33333333333333326
0.2793975196448804,-0.37151436690408357,0.33333333333333326
0.23579999008234848,-0.4118884414153469,0.33333333333333326
0.48128526958291473,-0.4119164285519375,0.33333333333333326
0.21282309660989873,-0.26638882643939704,0.33333333333333326
0.23767089418895837,-0.4220528992940383,0.33333333333333326
0.2257074709413719,-0.789886125798695,0.33333333333333326
0.38162971943304386,-0.44567641822430343,0.33333333333333326
0.33334560220418025,-0.44753489343154884,0.33333333333333326
0.24241691928707232,-0.6192941432225537,0.33333333333333326
0.31890945358935263,-0.1707619202878322,0.33333333333333326
0.47543998171983193,-0.5824398905118101,0.33333333333333326
0.43465507155052574,-0.5753855212747523,0.33333333333333326
0.27285814936602254,-0.34869980314901794,0.33333333333333326
0.2620283298916379,-0.7782818498377001,0.33333333333333326
0.20131629385770877,-0.47933571081608667,0.33333333333333326
0.3660639402757773,-0.2839075138165551,0.33333333333333326
0.2316490410830917,-0.37036063050712864,0.33333333333333326
0.4135147982571683,-0.5195718054913963,0.33333333333333326
0.478788970868103,-0.4109217359511286,0.33333333333333326
0.20835308163566552,-0.31270527793060365,0.33333333333333326
0.15124599599562466,-0.48421628775859943,0.33333333333333326
0.3460675488866203,-0.4223578282100053,0.33333333333333326
0.2301508392127135,-0.5002407747636839,0.33333333333333326
0.32328414533648203,-0.3253466755507393,0.33333333333333326
0.21892649351405274,-0.48199118536489954,0.33333333333333326
0.30407497368918524,-0.7142935933186204,0.33333333333333326
0.7718572897767987,-0.5063882558331572,0.33333333333333326
0.10892352748110715,-0.2556049538334667,0.33333333333333326
0.1751843393212989,-0.43146928450575905,0.33333333333333326
0.4830869219590752,-0.6042061249669091,0.33333333333333326
0.27705776792614095,-0.5858764046278191,0.33333333333333326
0.32507717779070533,-0.7692707656199693,0.33333333333333326
0.14889944991346005,-0.5181775543251999,0.33333333333333326
0.5111345666653595,-0.3872600253970599,0.33333333333333326
0.6210932498744542,-0.3767009335301091,0.33333333333333326
0.264279475198733,-0.5151368230586596,0.33333333333333326
0.022332012045848004,-0.6571375999751093,0.33333333333333326
0.18318301638336382,-0.44846273100119105,0.33333333333333326
0.4488471576727213,-0.5892832021342147,0.33333333333333326
0.2519576509895015,-0.7564074042261434,0.33333333333333326
0.3253318156973352,-0.4522630692580693,0.33333333333333326
0.416670270764529,-0.6269614893392926,0.33333333333333326
0.6623512870891729,-0.2917975339770383,0.33333333333333326
0.3305114339094129,-0.5836593707733493,0.33333333333333326
0.29446497651301734,-0.4687076343635727,0.33333333333333326
0.34271178883910247,-0.41237746685244664,0.33333333333333326
0.46813832911600184,-0.26278761235689485,0.33333333333333326
0.5283836869277645,-0.5129991389009154,0.33333333333333326
0.4075083580740394,-0.5599238877449237,0.33333333333333326
0.25216170304931645,-0.17049924114608805,0.33333333333333326
0.2724464224986623,-0.15695706523964026,0.33333333333333326
0.2900933697700261,-0.451473856112022,0.33333333333333326
0.5191700646941756,-0.4902651006927912,0.33333333333333326
0.4082846953410757,-0.5352255367094382,0.33333333333333326
0.2699495410304982,-0.5224126034235405,0.33333333333333326
0.24220885005569281,-0.2178554281923157,0.33333333333333326
0.318971800485001,-0.20238553072606616,0.33333333333333326
-0.08193334593566215,-0.4911973706106019,0.33333333333333326
0.43517080727831803,-0.5441117202705315,0.33333333333333326
0.5200051128212795,-0.3859130809948075,0.33333333333333326
0.3019474114221307,-0.4205998682837111,0.33333333333333326
0.7934784199636417,-0.451614506726634,0.33333333333333326
0.39337495819859686,-0.5688825504818684,0.33333333333333326
0.3669381151002363,-0.7128047609394343,0.33333333333333326
0.3140999873440828,-0.07784198232435982,0.33333333333333326
0.5156356036679033,-0.38562019316527435,0.33333333333333326
0.5214811629992997,-0.1754259275563054,0.33333333333333326
0.44020900613434655,-0.14337595414120743,0.33333333333333326
0.51604692358662,-0.46609970153092667,0.33333333333333326
0.6195101357228753,-0.8941253073596507,0.33333333333333326
0.2546892634650489,-0.4492772477905958,0.33333333333333326
0.20042508013061633,-0.5207656295402828,0.33333333333333326
0.24394893201358392,-0.6052200709182762,0.33333333333333326
0.7775607560838328,-0.38798369328173155,0.33333333333333326
0.3370869510399765,-0.27144318366419695,0.33333333333333326
0.3078815999812531,-0.3442842583934857,0.33333333333333326
0.4015467893777701,-0.21867044842689481,0.33333333333333326
0.11955952115710652,-0.36455552213403697,0.33333333333333326
0.36514694934729586,-0.6904559793714787,0.33333333333333326
0.5153496857157361,-0.6421569155688971,0.33333333333333326
0.6035469206685967,-0.4073673421286117,0.33333333333333326
0.456436230456433,-0.4806842888993997,0.33333333333333326
0.4897271981000033,-0.8104831568385619,0.33333333333333326
0.35757893526837253,-0.6007860988103602,0.33333333333333326
0.39069281511165227,-0.502310549037307,0.33333333333333326
0.44387019610411993,-0.6362689590268338,0.33333333333333326
0.6385687932430055,-0.10186020734776619,0.33333333333333326
0.31250854625073915,-0.4968565086452159,0.33333333333333326
0.39147273175212144,-0.2800997471282769,0.33333333333333326
0.6477655065790229,-0.6986614148867776,0.33333333333333326
0.2477204147995714,-0.6743182157244645,0.33333333333333326
0.16846455460087068,-0.7721237355919226,0.33333333333333326
0.40345585803674344,-0.6907361215020518,0.33333333333333326
0.5850773082044021,-0.3403900965173175,0.33333333333333326
0.18169396142841082,-0.6689042057185725,0.33333333333333326
0.24815424338183273,-0.25707277566659126,0.33333333333333326
0.2103757744499552,-0.7474246731119549,0.33333333333333326
0.3378074059399588,-0.43104223540887054,0.33333333333333326
0.24100807207099373,-0.219880908545477,0.33333333333333326
0.38397177616612876,-0.41754464904060545,0.33333333333333326
0.2094321427980419,-0.5010519149163335,0.33333333333333326
0.32075221552559496,-0.8793867600260789,0.33333333333333326
0.391488589903791,-0.7984774975923298,0.33333333333333326
0.3410941078436624,-0.7441019838815041,0.33333333333333326
0.6673137643078411,-0.43902876446249367,0.33333333333333326
0.48285210640052534,-0.33857860617207125,0.33333333333333326
0.1347494892992595,-0.8810048535520116,0.33333333333333326
0.29319199394091366,-0.3422828549468292,0.33333333333333326
0.3601758292281165,-0.3612151518435516,0.33333333333333326
0.49483987065462487,-0.7472293524483932,0.33333333333333326
0.39149280931365216,-0.1610688454925299,0.33333333333333326
0.25481932011995484,-0.8381774214176075,0.33333333333333326
0.30874680924739534,-0.5730645277979404,0.33333333333333326
0.41230674831867886,-0.6455514298950277,0.33333333333333326
0.3601252284060063,-0.8700955420642549,0.33333333333333326
0.48167455102635737,-0.22539943792190464,0.33333333333333326
0.5523692328476708,-0.7510963178133968,0.33333333333333326
0.3965112623545112,-1.0,0.33333333333333326
0.39077652079062175,-0.505225914353607,0.33333333333333326
0.18709507218594096,-0.436057648230145,0.33333333333333326
0.367657558751544,-0.3351054512669245,0.33333333333333326
0.3659525751392578,-0.45449002191700916,0.33333333333333326
0.03591968504468332,-0.6908524574043585,0.33333333333333326
0.26988989614241554,-0.4440140660348479,0.33333333333333326
0.34467520917403466,-0.23996946214314333,0.33333333333333326
0.2071028334908202,-0.5349285095159485,0.33333333333333326
0.38630067863186895,-0.5335499621012652,0.33333333333333326
0.42460098121541046,-0.5910099579491728,0.33333333333333326
0.5718721042647076,-0.5484786683639415,0.33333333333333326
0.5233959448159802,-0.4994544502850571,0.33333333333333326
0.5832077404846174,-0.7312519309222756,0.33333333333333326
0.4279798777608683,-0.5676259724862012,0.33333333333333326
0.382529577766755,-0.29217936933175476,0.33333333333333326
0.16427370823515075,-0.718357908341345,0.33333333333333326
0.18668537243708383,-0.4512090686476731,0.33333333333333326
0.04519383805749358,-0.4779497298961325,0.33333333333333326
0.140842409300902,-0.6881408138183905,0.33333333333333326
0.28688563943700157,-0.42982078674387275,0.33333333333333326
0.24591990990615675,-0.5777036835548572,0.33333333333333326
0.339014489187704,-0.5405384147051747,0.33333333333333326
-0.08056579048127091,-0.5672064142693654,0.33333333333333326
0.35920909116020944,-0.3082829730394837,0.33333333333333326
0.6715629746578676,-0.3812874278679294,0.33333333333333326
0.3582739789331766,-0.6578134901497802,0.33333333333333326
-0.5471406860324461,-0.40959440678450365,1.0
-0.7137942911058812,-0.37677783097732903,1.0
-0.6218085689506938,-0.7628507337440076,1.0
-0.6583420463878389,-0.39288103750967657,1.0
-0.5022809706899383,-0.688777125170055,1.0
-0.4566677766249755,-0.5092298418260297,1.0
-0.48749872931007354,-0.43801351640122715,1.0
-0.7394192686406593,-0.4348370479101065,1.0
-0.6518414204540915,-0.23215895704871606,1.0
-0.4399984577412345,-0.48650066417539184,1.0
-0.7117371756782609,-0.4850945772450264,1.0
-0.5297293582649885,-0.699194447283969,1.0
-0.20111597065517253,-0.42749950672752424,1.0
-0.2856797204368422,-0.6829026810651254,1.0
-0.29469506128082856,-0.7249562049914198,1.0
-0.6589024682942076,-0.40239211397317554,1.0
-0.547547650736564,-0.8939319290737751,1.0
-0.7312603835620904,-0.3523344473130207,1.0
-0.2226930580311548,-0.33928479957067903,1.0
-0.599179007515368,-0.3593375296777853,1.0
-0.7373461623972246,-0.407905095353895,1.0
-0.7697799060243301,-0.4959052826047434,1.0
-0.5760078982507446,-0.358392806088536,1.0
-0.6034407158181683,-0.29062072035955755,1.0
-0.5865250693177338,-0.35255604958565,1.0
-0.42992400462503677,-0.8062845895371008,1.0
-0.5492132399162628,-0.4882304891337504,1.0
-0.6792094718774196,-0.46391508311696317,1.0
-0.7869910215651283,-0.4000646849893061,1.0
-0.47400897040879364,-0.4434038175812311,1.0
-0.16078929381800228,-0.4346089056677523,1.0
-0.5444478300624445,-0.6184128976652722,1.0
-0.5078721565266999,-0.6573073523351042,1.0
-0.3526518400355542,-0.6040726723680595,1.0
-0.5299560387052422,-0.15706803077388498,1.0
-0.3697924104021163,-0.45319646468059765,1.0
-0.3354363533785289,-0.5035649008828964,1.0
-0.42854938569745654,-0.49108396964866213,1.0
-0.6993865442614645,-0.4214027849163742,1.0
-0.40634694913290403,-0.5529715004411176,1.0
-0.7299127590190896,-0.5838302414256071,1.0
-0.9341791796551506,-0.5973006759085427,1.0
-0.7264359801046212,-0.15159054827356516,1.0
-0.6451508849390977,-0.7557927903263645,1.0
-0.41650861081019247,-0.5240112597932036,1.0
-0.5474526149866972,-0.46234998349287937,1.0
-0.5218589860938776,-0.5577746774613752,1.0
-0.40315415959880985,-0.4056464754222575,1.0
-0.6341533849610201,-0.5233764548872506,1.0
-0.7055863378485626,-0.4467221052014584,1.0
-0.4376247115083815,-0.38403864069013083,1.0
-0.45729349119206814,-0.5157681152486426,1.0
-0.30375230498393235,-0.5294292767531813,1.0
-0.5504045169354768,-0.5512900551292534,1.0
-0.5422512897802969,-0.535079690640653,1.0
-0.23156210416418638,-0.42215260643442926,1.0
-0.8232100243919714,-0.5678479732222892,1.0
-0.780731295608377,-0.3452062675475462,1.0
-0.33628467264303025,-0.5707554185445946,1.0
-0.4574858690678455,-0.5299334181870374,1.0
-0.49020829686968276,-0.20073674576582473,1.0
-0.6108434314968164,-0.7032935987732832,1.0
-0.44080542777462767,-0.40677986786912057,1.0
-0.44788787081523,-0.32037004052775475,1.0
-0.6636677319055719,-0.8274913471243985,1.0
-0.3894253123146753,-0.5635713226359624,1.0
-0.7474749550278971,-0.6923043271294939,1.0
-0.37549593439734696,-0.46367400123275654,1.0
-0.5069547278706772,-0.35020756375348927,1.0
-0.6629913072778801,-0.68498752351894,1.0
-0.6910278540575104,-0.6815066997499337,1.0
-0.6015506741604714,-0.6453089916853929,1.0
-0.5490400161957645,-0.5758065560530574,1.0
-0.5679297652223012,-0.38420181845945944,1.0
-0.33203521909278877,-0.2306407829795866,1.0
-0.5368910866620284,-0.4583295623048008,1.0
-0.6361538749145101,-0.3238395101301048,1.0
-0.3112504759387411,-0.5949142773588472,1.0
-0.43350665883388206,-0.5501693267485194,1.0
-0.5824433693648278,-0.4630890994155267,1.0
-0.6190814084416438,-0.34262947522934434,1.0
-0.7934117906028294,-0.6121650675160386,1.0
-0.5742094225524854,-0.6713809631681578,1.0
-0.4977601038563729,-0.7510435530687298,1.0
-0.5464055958876602,-0.7383947227654135,1.0
-0.5783237712821871,-0.4082180110793995,1.0
-0.20426857491659878,-0.3116968884857684,1.0
-0.2976422504335943,-0.48280010258892647,1.0
-0.21825547712752041,-0.5352041626784424,1.0
-0.5953560040194913,-0.711588273389793,1.0
-0.5197985294813428,-0.3157698173312931,1.0
-0.6561366113121112,-0.5571234666872552,1.0
-0.6290137248939975,-0.5504889420150108,1.0
-0.6492131251255061,-0.7231046439280578,1.0
-0.3352694509966442,-0.828463802165462,1.0
-0.7028334257491499,-0.436066641484895,1.0
-0.39409853233824577,-0.5296697718759443,1.0
-0.6003006164185586,-0.48593448300618003,1.0
-0.5968075211829609,-0.3457411886921005,1.0
-0.6320926773950905,-0.6613138054407871,1.0
-0.6304657692025387,-0.4780049402389331,1.0
-0.3594368501611074,-0.22319452313906712,1.0
-0.6188007184227701,-0.7424481220508952,1.0
-0.7755776688846587,-0.13414962066401198,1.0
-0.6193510179795334,-0.4167196166247395,1.0
-0.2498593954256925,-0.6095755166684853,1.0
-0.586179285593634,-0.5927100978811073,1.0
-0.7297207189562791,-0.35878784392346513,1.0
-0.3854768881685911,-0.8118536717676315,1.0
-0.3988524067281033,-0.5343074245972745,1.0
-0.5259497453399733,-0.4607870344955778,1.0
-0.7632630141876783,-0.5470010577597865,1.0
-0.7129987091758637,-0.16974940213821177,1.0
-0.20708988031149927,-0.48007827840030126,1.0
-0.7429450921180376,-0.2984070858672254,1.0
-0.5854511555239968,-0.19852589456017364,1.0
-0.24166829049642108,-0.21081861884743353,1.0
-0.6181390499925924,-0.6634586202011606,1.0
-0.6607855037859245,-0.5106462894682569,1.0
-0.7023118944715221,-0.2920839015266852,1.0
-0.45048964021483684,-0.500075020180241,1.0
-0.6189565808796753,-0.38428245985058024,1.0
-0.3356753192496005,-0.8213534011004736,1.0
-0.5179477157672776,-0.5452376628127326,1.0
-0.6737136146591072,-0.5521502898460928,1.0
-0.5337705325748179,-0.17749162619605205,1.0
-0.5461062650431829,-0.5671498377128752,1.0
-0.7506265223741164,-0.3631526525057516,1.0
-0.6749304760619316,-0.5135949679925931,1.0
-0.4416315669912084,-0.48544403888715904,1.0
-0.6167008662563422,-0.5235891773763652,1.0
-0.41212799997010746,-0.49764673365804585,1.0
-0.5165463517765168,-0.42266070668843214,1.0
-0.6084691914641154,-0.4387445973721142,1.0
-0.5992754836165455,-0.30217138585424214,1.0
-0.4752779941551748,-0.7875521900517453,1.0
-0.5882145303232715,-0.3063518952796436,1.0
-0.5890923274808111,-0.5659213237288917,1.0
-0.3969456514630693,-0.6777871900665976,1.0
-0.5448357874338231,-0.39430658450769945,1.0
-0.4195207467110911,-0.6694365913527924,1.0
-0.7536558235197239,-0.24104274944450338,1.0
-0.6791588128364345,-0.509551400435797,1.0
-0.16801303602956025,-0.573162819925849,1.0
-0.9058782154735548,-0.022051131222967126,1.0
-0.3939364771717053,-0.4335162866535417,1.0
-0.11292571756964412,-0.5070740377462277,1.0
-0.32492362152547816,-0.4922075252641978,1.0
-0.5990900269475437,-0.38712948830874416,1.0
-0.4143513633243549,-0.27700163786730736,1.0
-0.36496247362469536,-0.5788351782637601,1.0
-0.5680508173295701,-0.16591611422911617,1.0
-0.45823362708079185,-0.4777895404486723,1.0
-0.34061063955878035,-0.25703967833477026,1.0
-0.34975978897102744,-0.5868787481897421,1.0
-0.6164712230566055,-0.3668580051466555,1.0
-0.3653050640080153,-0.6968412280716146,1.0
-0.6276566573968987,-0.533243614895717,1.0
-0.39478564981265446,-0.6778509880997172,1.0
-0.12441920678982181,-0.47905798142202527,1.0
-0.4564426528598173,-0.11643318151849207,1.0
-0.45499523630529165,-0.36634839152253174,1.0
-0.582571195334538,-0.4137724083644119,1.0
-0.7223267492013589,-0.5061047890806061,1.0
-0.5481664407485833,-0.6608990394696376,1.0
-0.3937818859676791,-0.416435666019965,1.0
-0.8502782062799569,-0.359250892815562,1.0
-0.7013458194723197,-0.3943191832507432,1.0
-0.6815460588786748,-0.5536281233301622,1.0
-0.48711651828758196,-0.16420753647780031,1.0
-0.7944334121168789,-0.5514451686962831,1.0
-0.6080824538083904,-0.30748926309447344,1.0
-0.5927327079538727,-0.4221464203346495,1.0
-0.34151345264602806,-0.36290377205921565,1.0
-0.6199579634487955,-0.5660126349513874,1.0
-0.5960472216394944,-0.4662961224476503,1.0
-0.6900496186052754,-0.5017662973444464,1.0
-0.46173792971566335,-0.5718188179075917,1.0
-0.6296010852441424,-0.4442651066422125,1.0
-0.426340592840586,-0.7196446335524899,1.0
-0.7105840408296886,-0.27528159969320104,1.0
-0.5575978557195381,-0.6794048155096918,1.0
-0.5349439767171459,-0.22498945900307746,1.0
-0.6524280592399696,-0.6559314004749726,1.0
-0.5940289922063808,-0.22366623849629913,1.0
-0.6590003123402569,-0.40388315792066176,1.0
-0.3946675588051369,-0.3888737361531395,1.0
-0.6092479516717345,-0.3838060753524853,1.0
-0.5283024695494329,-0.3566758674363944,1.0
-0.49267632912424175,-0.4699425664192505,1.0
-0.8307359725639608,-0.3849431652360576,1.0
-0.573268343569685,-0.8453533755013911,1.0
-0.5619646209825971,-0.44410550095238727,1.0
-0.5739923953252843,-0.9072579677160003,1.0
-0.6703456971297896,-0.6572797525925257,1.0
-0.6055644851216209,-0.8828894383969428,1.0
-0.510250528298456,-0.40389765082855844,1.0
-0.4636840060618137,-0.5032977191501635,1.0
-0.5707660674963301,-0.3238110416999334,1.0
-0.48284050464218914,-0.5645581991672476,1.0
